Using pre-set license
Built from '2022.3/china_unity/release' branch; Version is '2022.3.55f1c1 (06b99830297d) revision 440728'; Using compiler version '192829333'; Build Type 'Release'
OS: 'Windows 10  (10.0.19045) 64bit ProfessionalWorkstation' Language: 'en' Physical Memory: 32620 MB
BatchMode: 1, IsHumanControllingUs: 0, StartBugReporterOnCrash: 0, Is64bit: 1, IsPro: 1

COMMAND LINE ARGUMENTS:
D:\Software\Unity\Eidition\Editor\Unity.exe
-adb2
-batchMode
-noUpm
-name
AssetImportWorker0
-projectPath
D:/Software/Unity/FinalProject/GraduationDesign
-logFile
Logs/AssetImportWorker0.log
-srvPort
59163
Successfully changed project path to: D:/Software/Unity/FinalProject/GraduationDesign
D:/Software/Unity/FinalProject/GraduationDesign
[UnityMemory] Configuration Parameters - Can be set up in boot.config
    "memorysetup-bucket-allocator-granularity=16"
    "memorysetup-bucket-allocator-bucket-count=8"
    "memorysetup-bucket-allocator-block-size=33554432"
    "memorysetup-bucket-allocator-block-count=8"
    "memorysetup-main-allocator-block-size=16777216"
    "memorysetup-thread-allocator-block-size=16777216"
    "memorysetup-gfx-main-allocator-block-size=16777216"
    "memorysetup-gfx-thread-allocator-block-size=16777216"
    "memorysetup-cache-allocator-block-size=4194304"
    "memorysetup-typetree-allocator-block-size=2097152"
    "memorysetup-profiler-bucket-allocator-granularity=16"
    "memorysetup-profiler-bucket-allocator-bucket-count=8"
    "memorysetup-profiler-bucket-allocator-block-size=33554432"
    "memorysetup-profiler-bucket-allocator-block-count=8"
    "memorysetup-profiler-allocator-block-size=16777216"
    "memorysetup-profiler-editor-allocator-block-size=1048576"
    "memorysetup-temp-allocator-size-main=16777216"
    "memorysetup-job-temp-allocator-block-size=2097152"
    "memorysetup-job-temp-allocator-block-size-background=1048576"
    "memorysetup-job-temp-allocator-reduction-small-platforms=262144"
    "memorysetup-allocator-temp-initial-block-size-main=262144"
    "memorysetup-allocator-temp-initial-block-size-worker=262144"
    "memorysetup-temp-allocator-size-background-worker=32768"
    "memorysetup-temp-allocator-size-job-worker=262144"
    "memorysetup-temp-allocator-size-preload-manager=33554432"
    "memorysetup-temp-allocator-size-nav-mesh-worker=65536"
    "memorysetup-temp-allocator-size-audio-worker=65536"
    "memorysetup-temp-allocator-size-cloud-worker=32768"
    "memorysetup-temp-allocator-size-gi-baking-worker=262144"
    "memorysetup-temp-allocator-size-gfx=262144"
Player connection [31344]  Target information:

Player connection [31344]  * "[IP] 172.29.26.251 [Port] 0 [Flags] 2 [Guid] 3668697745 [EditorId] 3668697745 [Version] 1048832 [Id] WindowsEditor(7,LAPTOP-O0OSGOD3) [Debug] 1 [PackageName] WindowsEditor [ProjectName] Editor" 

Player connection [31344]  * "[IP] 172.29.24.224 [Port] 0 [Flags] 2 [Guid] 3668697745 [EditorId] 3668697745 [Version] 1048832 [Id] WindowsEditor(7,LAPTOP-O0OSGOD3) [Debug] 1 [PackageName] WindowsEditor [ProjectName] Editor" 

Player connection [31344] Host joined multi-casting on [225.0.0.222:54997]...
Player connection [31344] Host joined alternative multi-casting on [225.0.0.222:34997]...
[PhysX] Initialized MultithreadedTaskDispatcher with 16 workers.
Refreshing native plugins compatible for Editor in 35.53 ms, found 2 plugins.
Preloading 0 native plugins for Editor in 0.00 ms.
Initialize engine version: 2022.3.55f1c1 (06b99830297d)
[Subsystems] Discovering subsystems at path D:/Software/Unity/Eidition/Editor/Data/Resources/UnitySubsystems
[Subsystems] Discovering subsystems at path D:/Software/Unity/FinalProject/GraduationDesign/Assets
GfxDevice: creating device client; threaded=0; jobified=0
Direct3D:
    Version:  Direct3D 11.0 [level 11.1]
    Renderer: NVIDIA GeForce RTX 3060 Laptop GPU (ID=0x2560)
    Vendor:   NVIDIA
    VRAM:     12115 MB
    Driver:   32.0.15.7283
Initialize mono
Mono path[0] = 'D:/Software/Unity/Eidition/Editor/Data/Managed'
Mono path[1] = 'D:/Software/Unity/Eidition/Editor/Data/MonoBleedingEdge/lib/mono/unityjit-win32'
Mono config path = 'D:/Software/Unity/Eidition/Editor/Data/MonoBleedingEdge/etc'
Using monoOptions --debugger-agent=transport=dt_socket,embedding=1,server=y,suspend=n,address=127.0.0.1:56136
Begin MonoManager ReloadAssembly
Registering precompiled unity dll's ...
Register platform support module: D:/Software/Unity/Eidition/Editor/Data/PlaybackEngines/AndroidPlayer/UnityEditor.Android.Extensions.dll
Register platform support module: D:/Software/Unity/Eidition/Editor/Data/PlaybackEngines/WindowsStandaloneSupport/UnityEditor.WindowsStandalone.Extensions.dll
Registered in 0.034982 seconds.
- Loaded All Assemblies, in  0.615 seconds
Native extension for WindowsStandalone target not found
Native extension for Android target not found
Mono: successfully reloaded assembly
- Finished resetting the current domain, in  0.338 seconds
Domain Reload Profiling: 943ms
	BeginReloadAssembly (205ms)
		ExecutionOrderSort (0ms)
		DisableScriptedObjects (0ms)
		BackupInstance (0ms)
		ReleaseScriptingObjects (0ms)
		CreateAndSetChildDomain (1ms)
	RebuildCommonClasses (47ms)
	RebuildNativeTypeToScriptingClass (11ms)
	initialDomainReloadingComplete (126ms)
	LoadAllAssembliesAndSetupDomain (215ms)
		LoadAssemblies (197ms)
		RebuildTransferFunctionScriptingTraits (0ms)
		AnalyzeDomain (210ms)
			TypeCache.Refresh (208ms)
				TypeCache.ScanAssembly (190ms)
			ScanForSourceGeneratedMonoScriptInfo (0ms)
			ResolveRequiredComponents (1ms)
	FinalizeReload (339ms)
		ReleaseScriptCaches (0ms)
		RebuildScriptCaches (0ms)
		SetupLoadedEditorAssemblies (286ms)
			LogAssemblyErrors (0ms)
			InitializePlatformSupportModulesInManaged (81ms)
			SetLoadedEditorAssemblies (4ms)
			RefreshPlugins (0ms)
			BeforeProcessingInitializeOnLoad (2ms)
			ProcessInitializeOnLoadAttributes (140ms)
			ProcessInitializeOnLoadMethodAttributes (58ms)
			AfterProcessingInitializeOnLoad (0ms)
			EditorAssembliesLoaded (0ms)
		ExecutionOrderSort2 (0ms)
		AwakeInstancesAfterBackupRestoration (0ms)
========================================================================
Worker process is ready to serve import requests
Caller must complete domain reload
Begin MonoManager ReloadAssembly
- Loaded All Assemblies, in  1.168 seconds
Native extension for WindowsStandalone target not found
Native extension for Android target not found
Package Manager log level set to [2]
[Package Manager] Server::EnsureServerProcessIsRunning -- launch failed, reason: Unity was launched with the -noUpm command-line argument
[Package Manager] UpmClient::Send -- Unable to send message (not connected to UPM process).
[Package Manager] Cannot connect to Unity Package Manager local server
Mono: successfully reloaded assembly
[Package Manager] Server::EnsureServerProcessIsRunning -- launch failed, reason: Unity was launched with the -noUpm command-line argument
[Package Manager] UpmClient::Send -- Unable to send message (not connected to UPM process).
[Package Manager] Cannot connect to Unity Package Manager local server
[Package Manager] Server::EnsureServerProcessIsRunning -- launch failed, reason: Unity was launched with the -noUpm command-line argument
[Package Manager] UpmClient::Send -- Unable to send message (not connected to UPM process).
[Package Manager] Cannot connect to Unity Package Manager local server
- Finished resetting the current domain, in  1.061 seconds
Domain Reload Profiling: 2200ms
	BeginReloadAssembly (248ms)
		ExecutionOrderSort (0ms)
		DisableScriptedObjects (7ms)
		BackupInstance (0ms)
		ReleaseScriptingObjects (0ms)
		CreateAndSetChildDomain (28ms)
	RebuildCommonClasses (45ms)
	RebuildNativeTypeToScriptingClass (13ms)
	initialDomainReloadingComplete (85ms)
	LoadAllAssembliesAndSetupDomain (748ms)
		LoadAssemblies (659ms)
		RebuildTransferFunctionScriptingTraits (0ms)
		AnalyzeDomain (257ms)
			TypeCache.Refresh (205ms)
				TypeCache.ScanAssembly (184ms)
			ScanForSourceGeneratedMonoScriptInfo (32ms)
			ResolveRequiredComponents (19ms)
	FinalizeReload (1062ms)
		ReleaseScriptCaches (0ms)
		RebuildScriptCaches (0ms)
		SetupLoadedEditorAssemblies (866ms)
			LogAssemblyErrors (0ms)
			InitializePlatformSupportModulesInManaged (36ms)
			SetLoadedEditorAssemblies (3ms)
			RefreshPlugins (0ms)
			BeforeProcessingInitializeOnLoad (182ms)
			ProcessInitializeOnLoadAttributes (504ms)
			ProcessInitializeOnLoadMethodAttributes (104ms)
			AfterProcessingInitializeOnLoad (36ms)
			EditorAssembliesLoaded (0ms)
		ExecutionOrderSort2 (0ms)
		AwakeInstancesAfterBackupRestoration (13ms)
Launched and connected shader compiler UnityShaderCompiler.exe after 0.14 seconds
Refreshing native plugins compatible for Editor in 21.64 ms, found 2 plugins.
Preloading 0 native plugins for Editor in 0.00 ms.
Unloading 6468 Unused Serialized files (Serialized files now loaded: 0)
Unloading 41 unused Assets / (1.6 MB). Loaded Objects now: 6927.
Memory consumption went from 248.0 MB to 246.4 MB.
Total: 6.911700 ms (FindLiveObjects: 0.468300 ms CreateObjectMapping: 0.520400 ms MarkObjects: 4.922500 ms  DeleteObjects: 0.999400 ms)

AssetImportParameters requested are different than current active one (requested -> active):
  custom:container-demuxer-ogg: 62fdf1f143b41e24485cea50d1cbac27 -> 
  custom:framework-win-MediaFoundation: 216162199b28c13a410421893ffa2e32 -> 
  custom:container-muxer-webm: aa71ff27fc2769a1b78a27578f13a17b -> 
  custom:video-decoder-webm-vp8: 9c59270c3fd7afecdb556c50c9e8de78 -> 
  custom:SearchIndexIgnoredProperties: e643bd26f0fe6173181afceb89e7c659 -> 
  custom:AudioImporter_EditorPlatform: d09bf68614088b80899f8185d706f6e7 -> 
  custom:audio-decoder-ogg-vorbis: bf7c407c2cedff20999df2af8eb42d56 -> 
  custom:audio-encoder-webm-vorbis: bf7c407c2cedff20999df2af8eb42d56 -> 
  custom:video-codec-MediaFoundation-h265: 746d11721c4dcdbdad8f713fa42b33f4 -> 
  custom:video-decoder-ogg-theora: a1e56fd34408186e4bbccfd4996cb3dc -> 
  custom:CustomObjectIndexerAttribute: 72b91833f83ae208fae7752999fa3104 -> 
  custom:container-demuxer-webm: 4f35f7cbe854078d1ac9338744f61a02 -> 
  custom:video-encoder-webm-vp8: eb34c28f22e8b96e1ab97ce403110664 -> 
========================================================================
Received Import Request.
  Time since last request: 2317.330891 seconds.
  path: Assets/XRI
  artifactKey: Guid(6807a1956e5e343df9d749230187e0dd) Importer(815301076,1909f56bfc062723c751e8b465ee728b)
Start importing Assets/XRI using Guid(6807a1956e5e343df9d749230187e0dd) Importer(815301076,1909f56bfc062723c751e8b465ee728b) [PhysX] Initialized MultithreadedTaskDispatcher with 16 workers.
 -> (artifact id: '75698589d91d57bd6f52e569f5927c33') in 0.003129 seconds
Number of updated asset objects reloaded before import = 0
Number of asset objects unloaded after import = 0
========================================================================
Received Import Request.
  Time since last request: 0.000064 seconds.
  path: Assets/XR
  artifactKey: Guid(51826be0437e2d84099d9656c779aa66) Importer(815301076,1909f56bfc062723c751e8b465ee728b)
Start importing Assets/XR using Guid(51826be0437e2d84099d9656c779aa66) Importer(815301076,1909f56bfc062723c751e8b465ee728b) [PhysX] Initialized MultithreadedTaskDispatcher with 16 workers.
 -> (artifact id: 'de3918e65e751beb3920cc7c68811464') in 0.000770 seconds
Number of updated asset objects reloaded before import = 0
Number of asset objects unloaded after import = 0
========================================================================
Received Import Request.
  Time since last request: 0.000027 seconds.
  path: Assets/MobileARTemplateAssets
  artifactKey: Guid(280af35f871984212a3e6608d213f5b1) Importer(815301076,1909f56bfc062723c751e8b465ee728b)
Start importing Assets/MobileARTemplateAssets using Guid(280af35f871984212a3e6608d213f5b1) Importer(815301076,1909f56bfc062723c751e8b465ee728b) [PhysX] Initialized MultithreadedTaskDispatcher with 16 workers.
 -> (artifact id: '40c0d4c848d95da7a2992f84a8c0c7aa') in 0.000977 seconds
Number of updated asset objects reloaded before import = 0
Number of asset objects unloaded after import = 0
========================================================================
Received Prepare
Caller must complete domain reload
Begin MonoManager ReloadAssembly
- Loaded All Assemblies, in  1.053 seconds
Native extension for WindowsStandalone target not found
Native extension for Android target not found
System.NullReferenceException: Object reference not set to an instance of an object
  at UnityEngine.XR.Interaction.Toolkit.Samples.StarterAssets.RenderPipelineValidation..cctor () [0x0000d] in D:\Software\Unity\FinalProject\GraduationDesign\Assets\Samples\XR Interaction Toolkit\3.0.4\Starter Assets\Scripts\MaterialPipelineHandler.cs:16 
UnityEngine.StackTraceUtility:ExtractStackTrace ()
UnityEngine.DebugLogHandler:LogFormat (UnityEngine.LogType,UnityEngine.Object,string,object[])
UnityEngine.Logger:Log (UnityEngine.LogType,object)
UnityEngine.Debug:LogError (object)
UnityEditor.EditorAssemblies:ProcessInitializeOnLoadAttributes (System.Type[])

[Package Manager] Server::EnsureServerProcessIsRunning -- launch failed, reason: Unity was launched with the -noUpm command-line argument
[Package Manager] UpmClient::Send -- Unable to send message (not connected to UPM process).
[Package Manager] Cannot connect to Unity Package Manager local server
Mono: successfully reloaded assembly
[Package Manager] Server::EnsureServerProcessIsRunning -- launch failed, reason: Unity was launched with the -noUpm command-line argument
[Package Manager] UpmClient::Send -- Unable to send message (not connected to UPM process).
[Package Manager] Cannot connect to Unity Package Manager local server
- Finished resetting the current domain, in  2.928 seconds
Domain Reload Profiling: 3953ms
	BeginReloadAssembly (309ms)
		ExecutionOrderSort (0ms)
		DisableScriptedObjects (5ms)
		BackupInstance (0ms)
		ReleaseScriptingObjects (0ms)
		CreateAndSetChildDomain (52ms)
	RebuildCommonClasses (47ms)
	RebuildNativeTypeToScriptingClass (11ms)
	initialDomainReloadingComplete (68ms)
	LoadAllAssembliesAndSetupDomain (590ms)
		LoadAssemblies (690ms)
		RebuildTransferFunctionScriptingTraits (0ms)
		AnalyzeDomain (82ms)
			TypeCache.Refresh (16ms)
				TypeCache.ScanAssembly (6ms)
			ScanForSourceGeneratedMonoScriptInfo (46ms)
			ResolveRequiredComponents (19ms)
	FinalizeReload (2928ms)
		ReleaseScriptCaches (0ms)
		RebuildScriptCaches (0ms)
		SetupLoadedEditorAssemblies (780ms)
			LogAssemblyErrors (0ms)
			InitializePlatformSupportModulesInManaged (34ms)
			SetLoadedEditorAssemblies (4ms)
			RefreshPlugins (0ms)
			BeforeProcessingInitializeOnLoad (184ms)
			ProcessInitializeOnLoadAttributes (393ms)
			ProcessInitializeOnLoadMethodAttributes (128ms)
			AfterProcessingInitializeOnLoad (37ms)
			EditorAssembliesLoaded (0ms)
		ExecutionOrderSort2 (0ms)
		AwakeInstancesAfterBackupRestoration (24ms)
Refreshing native plugins compatible for Editor in 66.22 ms, found 3 plugins.
Preloading 0 native plugins for Editor in 0.00 ms.
Unloading 6377 Unused Serialized files (Serialized files now loaded: 0)
Unloading 45 unused Assets / (3.0 MB). Loaded Objects now: 7009.
Memory consumption went from 223.0 MB to 220.0 MB.
Total: 14.294200 ms (FindLiveObjects: 1.324600 ms CreateObjectMapping: 2.759000 ms MarkObjects: 7.784300 ms  DeleteObjects: 2.424700 ms)

Prepare: number of updated asset objects reloaded= 0
AssetImportParameters requested are different than current active one (requested -> active):
  custom:scripting/monoscript/fileName/SparseSpatialMapController.cs: 76d753880486a469bffeed8eb9f6ee33 -> 
  custom:scripting/monoscript/fileName/Cli.cs: ac7c0a667872592085b6055cccbf43fb -> 31ba71519e4dc5db9bc938f421b8eeea
  custom:scripting/monoscript/fileName/SurfaceTargetController.cs: a908919dd41a8cd6ef524076ae59d4fd -> 
  custom:container-demuxer-ogg: 62fdf1f143b41e24485cea50d1cbac27 -> 
  custom:scripting/monoscript/fileName/GUIPopup.cs: d4f6325ec8b020877839b561ea68d922 -> 
  custom:scripting/monoscript/fileName/CloudRecognizerFrameFilterEditor.cs: 6828f3718e3b3ead5c2b23b7b1257de0 -> 
  custom:framework-win-MediaFoundation: 216162199b28c13a410421893ffa2e32 -> 
  custom:scripting/monoscript/fileName/FramePlayer.cs: 87e08c40adc2fec70edab3c0d206102f -> 
  custom:scripting/monoscript/fileName/ARSession.cs: b7a803398fa77788b639581780b0846f -> 066385ea7c2a2c433441578beeece62b
  custom:scripting/monoscript/fileName/CloudRecognizerFrameFilter.cs: 11882c98812ab7f4284669a15c70f9a6 -> 
  custom:scripting/monoscript/fileName/EasyARController.cs: 1d6d6454f6e8c682c098372723078de9 -> 
  custom:scripting/monoscript/fileName/ImageTargetDataGenerator.cs: 98642b2d33f21d4a006019e2185ec405 -> 
  custom:scripting/monoscript/fileName/RenderCameraController.cs: 475fa71c521056147feb012cb83e279b -> 
  custom:scripting/precompiled-assembly-types:EasyAR.Sense: fa6fc958f6a65ab106020d689705d5fc -> 
  custom:scripting/monoscript/fileName/WorldRootController.cs: 1a7c50e8cbfb0a4ad26078bd9985d9e2 -> 
  custom:scripting/monoscript/fileName/AREngineFrameSource.cs: 5dcbda22e5b5653a0ee9501e851c0c38 -> 
  custom:scripting/monoscript/fileName/FramePlayerEditor.cs: 059c341a1c971425d927aad68e23c7b7 -> 
  custom:scripting/monoscript/fileName/MotionTrackerFrameSourceEditor.cs: ee44660f01c6a82fd64162d388d66daa -> 
  custom:container-muxer-webm: aa71ff27fc2769a1b78a27578f13a17b -> 
  custom:video-decoder-webm-vp8: 9c59270c3fd7afecdb556c50c9e8de78 -> 
  custom:scripting/monoscript/fileName/Display.cs: f01e58df445aa992158ac195da6b1351 -> 
  custom:scripting/monoscript/fileName/TargetController.cs: 805afcea377b6384659df3b767790f1f -> 
  custom:scripting/monoscript/fileName/EasyARSettingsProvider.cs: adac58c42275aba2a138b27af06752ec -> 
  custom:scripting/monoscript/fileName/BuildProcessor.cs: fa20e91bfd17a4eb5757dd834f08ed4a -> 
  custom:SearchIndexIgnoredProperties: e643bd26f0fe6173181afceb89e7c659 -> 
  custom:AudioImporter_EditorPlatform: d09bf68614088b80899f8185d706f6e7 -> 
  custom:scripting/monoscript/fileName/ARCoreFrameSource.cs: 9b0ca0a9540ab00cfa8b30b7c23f4915 -> 
  custom:scripting/monoscript/fileName/SparseSpatialMapHolder.cs: ac92145c389b20d83c3077f9ff89afbb -> 
  custom:scripting/monoscript/fileName/DenseSpatialMapBlockController.cs: 51d0c38f80e8c6ab62b8b5a78ac0e078 -> 
  custom:scripting/monoscript/fileName/FileUtil.cs: 8eceff1cec60ebe83dabae935d86ab26 -> 
  custom:scripting/monoscript/fileName/APIExtend.cs: b7dcd0fed19aeed794681158387a685b -> 
  custom:scripting/monoscript/fileName/ImageTrackerFrameFilterEditor.cs: 8a9d30492d870855a20b7468601feca2 -> 
  custom:audio-decoder-ogg-vorbis: bf7c407c2cedff20999df2af8eb42d56 -> 
  custom:scripting/monoscript/fileName/ARKitFrameSourceEditor.cs: 6ff89ffa8efaa77efb0a4d366f2f1b4a -> 
  custom:scripting/monoscript/fileName/PackageChecker.cs: 3d96d1ec6555687308580053b4714946 -> 
  custom:scripting/monoscript/fileName/AREngineFrameSourceEditor.cs: 38271acd40636b02523422796b390ccd -> 
  custom:audio-encoder-webm-vorbis: bf7c407c2cedff20999df2af8eb42d56 -> 
  custom:scripting/monoscript/fileName/ObjectTrackerFrameFilterEditor.cs: a5723e731a2177d3a68c210e427df642 -> 
  custom:scripting/monoscript/fileName/ARCoreFrameSourceEditor.cs: 43441505fb340b457c263b45f83d196c -> 
  custom:scripting/monoscript/fileName/FrameSourceEditor.cs: 86f4534bf39bd6f3f2b07daa68d2252d -> 
  custom:scripting/monoscript/fileName/EasyARCameraImageRendererFeature.cs: a6f23a4a7eb4ae5263c7f1fa55931036 -> 
  custom:scripting/precompiled-assembly-types:EasyAR.Sense.Editor: b6a2a7fa1d7f65e1a813fb6eb4b1d19b -> 
  custom:scripting/monoscript/fileName/UnityPackage.cs: 04fd4a330500d24b96ca93e9ab281c5c -> 
  custom:scripting/monoscript/fileName/ARComponentPicker.cs: dfa6b5faf200de248ef4491ca8de4544 -> 
  custom:scripting/monoscript/fileName/ARSessionFactory.cs: 174b0650fab3cf6f16afbfe523fb957a -> 
  custom:scripting/monoscript/fileName/DenseSpatialMapDepthRenderer.cs: 28f20e2178e7ffde2f9c67f47e6e0d61 -> 
  custom:scripting/monoscript/fileName/ImageTargetController.cs: 41f2a50be51fce77803209024145e599 -> 
  custom:scripting/monoscript/fileName/Gradle.cs: 9043da32399f3a3c27ce23f0ec9940f0 -> f2ad869b521aeebb9f3c8c6665622b87
  custom:video-codec-MediaFoundation-h265: 746d11721c4dcdbdad8f713fa42b33f4 -> 
  custom:scripting/monoscript/fileName/CameraDeviceFrameSourceEditor.cs: 62e861773d662ea18c67a046bceb35de -> 
  custom:video-decoder-ogg-theora: a1e56fd34408186e4bbccfd4996cb3dc -> 
  custom:scripting/monoscript/fileName/MenuItems.cs: e11b8f410e4b90d8bc31151511b7d77d -> 035bcce4f9eb7847b98e5a5e065ff390
  custom:scripting/monoscript/fileName/FrameFilter.cs: bfb99fd30b1b9721f080643a69937e48 -> 
  custom:scripting/monoscript/fileName/EasyARSettingsEditor.cs: ac8ed91a04e2bc6eb47e3aa772fc48f1 -> 
  custom:scripting/monoscript/fileName/EasyARSettings.cs: a6c4ad6160416c290071acc2e5f5d5dc -> 
  custom:scripting/monoscript/fileName/AskAQuestion.cs: 08057b012d2e2181507c581e16186e48 -> 
  custom:scripting/monoscript/fileName/SparseSpatialMapWorkerFrameFilter.cs: 1bd68f8d802753dac630d3983bf678c2 -> 
  custom:CustomObjectIndexerAttribute: 72b91833f83ae208fae7752999fa3104 -> 
  custom:scripting/monoscript/fileName/ObjectTrackerFrameFilter.cs: f96f41ae5c1efd03c276270913244205 -> 
  custom:container-demuxer-webm: 4f35f7cbe854078d1ac9338744f61a02 -> 
  custom:scripting/monoscript/fileName/FrameRecorder.cs: edb39ac00a642938666400036308506d -> 
  custom:scripting/monoscript/fileName/APIDocGenerator.cs: 8b06ce8364f836e81dc3ccd33db09792 -> 
  custom:scripting/monoscript/fileName/Java.cs: d156d8723557eb704c38bdd5822e8dda -> 23333680cb2e70ba8bbce74628d877c3
  custom:scripting/monoscript/fileName/SurfaceTrackerFrameFilterEditor.cs: 4a0a452b4447a3eb2048cbb820a2e09b -> 
  custom:scripting/monoscript/fileName/CameraDeviceFrameSource.cs: 25c8a277f928eee7f9bc3ad58f8ad099 -> 
  custom:scripting/monoscript/fileName/csapi.cs: 227d64746be129f0241b641ae008cefc -> 
  custom:scripting/monoscript/fileName/ARSessionEditor.cs: 0872e21d2e2692a53af028cf762b6949 -> 314d9be71d10657eb27ef5e11794e341
  custom:scripting/monoscript/fileName/CameraImageRenderer.cs: 0fe0a9ca89fa0e1e1c15d89ec39bfba2 -> 
  custom:scripting/monoscript/fileName/SurfaceTrackerFrameFilter.cs: 7bbbbe097ea6f239bbd41ed16984b2b6 -> 
  custom:scripting/monoscript/fileName/SparseSpatialMapWorkerFrameFilterEditor.cs: 1fc9894969e9c30f7f2a021991ae98df -> 
  custom:scripting/monoscript/fileName/SparseSpatialMapActiveController.cs: 5d48b7ea9c22aa83749d95518aec0c60 -> 
  custom:scripting/monoscript/fileName/ARAssembly.cs: 03386d0f15b727efb1e81197208761b6 -> 
  custom:scripting/monoscript/fileName/CameraImageMaterial.cs: 457a3ae57c2a45bfd0567258ff6053d8 -> 
  custom:scripting/monoscript/fileName/FrameSource.cs: 91cb2912d57e1d12e25b9799902e9b66 -> 
  custom:scripting/monoscript/fileName/SparseSpatialMapControllerEditor.cs: a48f70759b3b724a95fef52b27b3c5ae -> 
  custom:scripting/monoscript/fileName/SparseSpatialMapRootController.cs: 1410045c5c5639d86c27bd0da99d6507 -> 
  custom:scripting/monoscript/fileName/DenseSpatialMapBuilderFrameFilterEditor.cs: 265d702ab18bfb042ad0c9acc04a0049 -> 
  custom:scripting/monoscript/fileName/ThreadWorker.cs: 3fe20cffd236ab3699ac43216c3541a2 -> 
  custom:scripting/monoscript/fileName/Primitive.cs: 6a027dbe854e964411aa65ecf43a6235 -> 
  custom:scripting/monoscript/fileName/ImageTrackerFrameFilter.cs: f99fff76a60f0d11f4c372b745b54103 -> 
  custom:scripting/monoscript/fileName/ARKitFrameSource.cs: 96fd0fbdfc09d79413c4a4eeef2065bc -> 
  custom:video-encoder-webm-vp8: eb34c28f22e8b96e1ab97ce403110664 -> 
  custom:scripting/monoscript/fileName/DenseSpatialMapBuilderFrameFilter.cs: 8977f04c2c6d770a0c98cdfaa55cfb30 -> 
  custom:scripting/monoscript/fileName/ObjectTargetControllerEditor.cs: b066a6ca3337f9fec36d5b93cda2efba -> 
  custom:scripting/monoscript/fileName/ObjectTargetController.cs: 151d4a80da7cdb259a549cc19fd4563b -> 
  custom:scripting/monoscript/fileName/MegaTrackerFrameFilter.cs: 014fa987e025bfc56cb18195393bed8b -> 
  custom:scripting/monoscript/fileName/ImageTargetControllerEditor.cs: 9117d5913115a514f639086f27ff8c2e -> 
  custom:scripting/monoscript/fileName/MotionTrackerFrameSource.cs: 8bb2fb020112becfb281ebe88720bed5 -> 
  custom:scripting/monoscript/fileName/VideoRecorder.cs: b9810e37c6fda0ca0aa3d1a0308b062f -> 
  custom:scripting/monoscript/fileName/MegaTrackerFrameFilterEditor.cs: e09420fb87bca4f6f3e8b3f3b0207b48 -> 
  custom:scripting/monoscript/fileName/ARComponentPickerEditor.cs: 362aa7aa0d212441e9c74ed215dadfd8 -> 
========================================================================
Received Prepare
Caller must complete domain reload
Begin MonoManager ReloadAssembly
- Loaded All Assemblies, in  0.927 seconds
Native extension for WindowsStandalone target not found
Native extension for Android target not found
System.NullReferenceException: Object reference not set to an instance of an object
  at UnityEngine.XR.Interaction.Toolkit.Samples.StarterAssets.RenderPipelineValidation..cctor () [0x0000d] in D:\Software\Unity\FinalProject\GraduationDesign\Assets\Samples\XR Interaction Toolkit\3.0.4\Starter Assets\Scripts\MaterialPipelineHandler.cs:16 
UnityEngine.StackTraceUtility:ExtractStackTrace ()
UnityEngine.DebugLogHandler:LogFormat (UnityEngine.LogType,UnityEngine.Object,string,object[])
UnityEngine.Logger:Log (UnityEngine.LogType,object)
UnityEngine.Debug:LogError (object)
UnityEditor.EditorAssemblies:ProcessInitializeOnLoadAttributes (System.Type[])

[Package Manager] Server::EnsureServerProcessIsRunning -- launch failed, reason: Unity was launched with the -noUpm command-line argument
[Package Manager] UpmClient::Send -- Unable to send message (not connected to UPM process).
[Package Manager] Cannot connect to Unity Package Manager local server
Mono: successfully reloaded assembly
[Package Manager] Server::EnsureServerProcessIsRunning -- launch failed, reason: Unity was launched with the -noUpm command-line argument
[Package Manager] UpmClient::Send -- Unable to send message (not connected to UPM process).
[Package Manager] Cannot connect to Unity Package Manager local server
- Finished resetting the current domain, in  3.515 seconds
Domain Reload Profiling: 4410ms
	BeginReloadAssembly (256ms)
		ExecutionOrderSort (0ms)
		DisableScriptedObjects (4ms)
		BackupInstance (0ms)
		ReleaseScriptingObjects (0ms)
		CreateAndSetChildDomain (44ms)
	RebuildCommonClasses (36ms)
	RebuildNativeTypeToScriptingClass (9ms)
	initialDomainReloadingComplete (57ms)
	LoadAllAssembliesAndSetupDomain (536ms)
		LoadAssemblies (601ms)
		RebuildTransferFunctionScriptingTraits (0ms)
		AnalyzeDomain (84ms)
			TypeCache.Refresh (13ms)
				TypeCache.ScanAssembly (3ms)
			ScanForSourceGeneratedMonoScriptInfo (39ms)
			ResolveRequiredComponents (31ms)
	FinalizeReload (3516ms)
		ReleaseScriptCaches (0ms)
		RebuildScriptCaches (0ms)
		SetupLoadedEditorAssemblies (906ms)
			LogAssemblyErrors (0ms)
			InitializePlatformSupportModulesInManaged (41ms)
			SetLoadedEditorAssemblies (5ms)
			RefreshPlugins (0ms)
			BeforeProcessingInitializeOnLoad (267ms)
			ProcessInitializeOnLoadAttributes (420ms)
			ProcessInitializeOnLoadMethodAttributes (135ms)
			AfterProcessingInitializeOnLoad (38ms)
			EditorAssembliesLoaded (1ms)
		ExecutionOrderSort2 (0ms)
		AwakeInstancesAfterBackupRestoration (21ms)
Refreshing native plugins compatible for Editor in 40.80 ms, found 3 plugins.
Preloading 0 native plugins for Editor in 0.00 ms.
Unloading 6445 Unused Serialized files (Serialized files now loaded: 0)
Unloading 52 unused Assets / (3.1 MB). Loaded Objects now: 7075.
Memory consumption went from 226.6 MB to 223.5 MB.
Total: 6.468500 ms (FindLiveObjects: 0.501900 ms CreateObjectMapping: 0.246100 ms MarkObjects: 3.831900 ms  DeleteObjects: 1.887500 ms)

Prepare: number of updated asset objects reloaded= 0
AssetImportParameters requested are different than current active one (requested -> active):
  custom:scripting/monoscript/fileName/SparseSpatialMapController.cs: 76d753880486a469bffeed8eb9f6ee33 -> 
  custom:scripting/precompiled-assembly-types:EasyAR.Sense.Sample.SpatialMap_Sparse_Dense_Building: afa010ab0df941be36ad29524b184e3a -> 
  custom:scripting/monoscript/fileName/Cli.cs: ac7c0a667872592085b6055cccbf43fb -> 31ba71519e4dc5db9bc938f421b8eeea
  custom:scripting/monoscript/fileName/SurfaceTargetController.cs: a908919dd41a8cd6ef524076ae59d4fd -> 
  custom:container-demuxer-ogg: 62fdf1f143b41e24485cea50d1cbac27 -> 
  custom:scripting/monoscript/fileName/GUIPopup.cs: d4f6325ec8b020877839b561ea68d922 -> 
  custom:scripting/precompiled-assembly-types:EasyAR.Sense.Sample.ImageTracking_CloudRecognition: 7e75347906b6ca081c75b10cff810824 -> 
  custom:scripting/monoscript/fileName/MapGridController.cs: 5ef3cdb92b00fe70eacb07b4dafa1078 -> 
  custom:scripting/precompiled-assembly-types:EasyAR.Sense.Sample.MultiTarget_SingleTracker: 0db8ea8471f1c3028b8fa27868b29aed -> 
  custom:scripting/monoscript/fileName/CloudRecognizerFrameFilterEditor.cs: 6828f3718e3b3ead5c2b23b7b1257de0 -> 
  custom:framework-win-MediaFoundation: 216162199b28c13a410421893ffa2e32 -> 
  custom:scripting/monoscript/fileName/FramePlayer.cs: 87e08c40adc2fec70edab3c0d206102f -> 
  custom:scripting/monoscript/fileName/ARSession.cs: b7a803398fa77788b639581780b0846f -> 066385ea7c2a2c433441578beeece62b
  custom:scripting/monoscript/fileName/CloudRecognizerFrameFilter.cs: 11882c98812ab7f4284669a15c70f9a6 -> 
  custom:scripting/precompiled-assembly-types:EasyAR.Sense.Sample.SpatialMap_Dense_BallGame: d92247541e4b08734729c760e04608f0 -> 
  custom:scripting/monoscript/fileName/EasyARController.cs: 1d6d6454f6e8c682c098372723078de9 -> 
  custom:scripting/monoscript/fileName/ImageTargetDataGenerator.cs: 98642b2d33f21d4a006019e2185ec405 -> 
  custom:scripting/monoscript/fileName/MapSession.cs: 77d7cf32ab126dd7b383c87cbcb9c77a -> 
  custom:scripting/monoscript/fileName/CustomCameraSource.cs: 99b35441016cd2c3cc4090a8c9e63026 -> 
  custom:scripting/monoscript/fileName/ViewManager.cs: efa7d9cc81bd4b48163a92445cdccb00 -> 
  custom:scripting/monoscript/fileName/RenderCameraController.cs: 475fa71c521056147feb012cb83e279b -> 
  custom:scripting/precompiled-assembly-types:EasyAR.Sense: fa6fc958f6a65ab106020d689705d5fc -> 
  custom:scripting/precompiled-assembly-types:EasyAR.Sense.Sample.MultiTarget_MultiTracker: fb7dd8538e8ed30a5ce12074575d5337 -> 
  custom:scripting/monoscript/fileName/WorldRootController.cs: 1a7c50e8cbfb0a4ad26078bd9985d9e2 -> 
  custom:scripting/monoscript/fileName/AREngineFrameSource.cs: 5dcbda22e5b5653a0ee9501e851c0c38 -> 
  custom:scripting/monoscript/fileName/FramePlayerEditor.cs: 059c341a1c971425d927aad68e23c7b7 -> 
  custom:scripting/precompiled-assembly-types:EasyAR.Sense.Sample.ImageTracking_TargetOnTheFly: 1b1b49a73f47ad1531d210cc429c4c4c -> 
  custom:scripting/precompiled-assembly-types:EasyAR.Sense.Sample.MotionTracking_ImageTarget: 089447cd205fe0851379aac48717711d -> 
  custom:scripting/precompiled-assembly-types:EasyAR.Sense.Sample.VideoRecording: 1cca6933799fd21e022011d39b1cc012 -> 
  custom:scripting/monoscript/fileName/MotionTrackerFrameSourceEditor.cs: ee44660f01c6a82fd64162d388d66daa -> 
  custom:container-muxer-webm: aa71ff27fc2769a1b78a27578f13a17b -> 
  custom:scripting/monoscript/fileName/MainScene.cs: 3ce86a18bd8ad2d9e32fe762dc4a915a -> 
  custom:video-decoder-webm-vp8: 9c59270c3fd7afecdb556c50c9e8de78 -> 
  custom:scripting/monoscript/fileName/Display.cs: f01e58df445aa992158ac195da6b1351 -> 
  custom:scripting/monoscript/fileName/TargetController.cs: 805afcea377b6384659df3b767790f1f -> 
  custom:scripting/monoscript/fileName/EasyARSettingsProvider.cs: adac58c42275aba2a138b27af06752ec -> 
  custom:scripting/monoscript/fileName/BuildProcessor.cs: fa20e91bfd17a4eb5757dd834f08ed4a -> 
  custom:SearchIndexIgnoredProperties: e643bd26f0fe6173181afceb89e7c659 -> 
  custom:scripting/monoscript/fileName/Dragger.cs: 82cdd85227e3ef331962176d012815ec -> 
  custom:AudioImporter_EditorPlatform: d09bf68614088b80899f8185d706f6e7 -> 
  custom:scripting/monoscript/fileName/ARCoreFrameSource.cs: 9b0ca0a9540ab00cfa8b30b7c23f4915 -> 
  custom:scripting/monoscript/fileName/TouchController.cs: fc940d66630efe447ca7b1222d784008 -> 
  custom:scripting/precompiled-assembly-types:EasyAR.Sense.Sample.Camera_CustomCamera: f3b403cf17ad5f94bac5d58aed4efb6a -> 
  custom:scripting/monoscript/fileName/MapBuilding_Sparse_DenseSample.cs: b05f7ea9d1d9a9160ef2aeb75574ea53 -> 
  custom:scripting/monoscript/fileName/SparseSpatialMapHolder.cs: ac92145c389b20d83c3077f9ff89afbb -> 
  custom:scripting/monoscript/fileName/DenseSpatialMapBlockController.cs: 51d0c38f80e8c6ab62b8b5a78ac0e078 -> 
  custom:scripting/monoscript/fileName/FileUtil.cs: 8eceff1cec60ebe83dabae935d86ab26 -> 
  custom:scripting/monoscript/fileName/APIExtend.cs: b7dcd0fed19aeed794681158387a685b -> 
  custom:scripting/monoscript/fileName/ImageTrackerFrameFilterEditor.cs: 8a9d30492d870855a20b7468601feca2 -> 
  custom:scripting/precompiled-assembly-types:EasyAR.Sense.Sample.ImageTracking_Coloring3D: 9425760a5d5d1d6e82037507df695de4 -> 
  custom:audio-decoder-ogg-vorbis: bf7c407c2cedff20999df2af8eb42d56 -> 
  custom:scripting/monoscript/fileName/ARKitFrameSourceEditor.cs: 6ff89ffa8efaa77efb0a4d366f2f1b4a -> 
  custom:scripting/monoscript/fileName/CameraRecorder.cs: 70868399faa6a93d9bde3fe4e2513caa -> 
  custom:scripting/monoscript/fileName/MapLocalizing_SparseSample.cs: f4b6a0459404f51f61f782be95a3f663 -> 
  custom:scripting/monoscript/fileName/CreateViewController.cs: 2652dcdc6d1a804e77cc7bec4506393d -> 
  custom:scripting/monoscript/fileName/PackageChecker.cs: 3d96d1ec6555687308580053b4714946 -> 
  custom:scripting/monoscript/fileName/PropCellController.cs: 0afe7254b43f550963830a6634e738aa -> 
  custom:scripting/monoscript/fileName/AREngineFrameSourceEditor.cs: 38271acd40636b02523422796b390ccd -> 
  custom:audio-encoder-webm-vorbis: bf7c407c2cedff20999df2af8eb42d56 -> 
  custom:scripting/monoscript/fileName/ObjectTrackerFrameFilterEditor.cs: a5723e731a2177d3a68c210e427df642 -> 
  custom:scripting/monoscript/fileName/ObjectTrackingSample.cs: 9cc2af1997b40c37ac9b2781438ecfbd -> 
  custom:scripting/monoscript/fileName/ARCoreFrameSourceEditor.cs: 43441505fb340b457c263b45f83d196c -> 
  custom:scripting/monoscript/fileName/FrameSourceEditor.cs: 86f4534bf39bd6f3f2b07daa68d2252d -> 
  custom:scripting/monoscript/fileName/EasyARCameraImageRendererFeature.cs: a6f23a4a7eb4ae5263c7f1fa55931036 -> 
  custom:scripting/monoscript/fileName/EasyARARCoreARKitWrapperSample.cs: 220e1f0c3b46810ad3b58461b5f628a9 -> 
  custom:scripting/precompiled-assembly-types:EasyAR.Sense.Sample.Camera_VideoCamera: 9db893220b95f7a128f6a4842aff41a1 -> 
  custom:scripting/precompiled-assembly-types:EasyAR.Sense.Sample.ImageTracking_Video: c7c792cf665cf3d8956f3e9a7020f4bd -> 
  custom:scripting/precompiled-assembly-types:EasyAR.Sense.Editor: b6a2a7fa1d7f65e1a813fb6eb4b1d19b -> 
  custom:scripting/monoscript/fileName/UnityPackage.cs: 04fd4a330500d24b96ca93e9ab281c5c -> 
  custom:scripting/monoscript/fileName/ARComponentPicker.cs: dfa6b5faf200de248ef4491ca8de4544 -> 
  custom:scripting/monoscript/fileName/ARSessionFactory.cs: 174b0650fab3cf6f16afbfe523fb957a -> 
  custom:scripting/monoscript/fileName/DenseSpatialMapDepthRenderer.cs: 28f20e2178e7ffde2f9c67f47e6e0d61 -> 
  custom:scripting/monoscript/fileName/ImageTargetController.cs: 41f2a50be51fce77803209024145e599 -> 
  custom:scripting/monoscript/fileName/Gradle.cs: 9043da32399f3a3c27ce23f0ec9940f0 -> f2ad869b521aeebb9f3c8c6665622b87
  custom:video-codec-MediaFoundation-h265: 746d11721c4dcdbdad8f713fa42b33f4 -> 
  custom:scripting/monoscript/fileName/CameraDeviceFrameSourceEditor.cs: 62e861773d662ea18c67a046bceb35de -> 
  custom:scripting/precompiled-assembly-types:EasyAR.Sense.Sample.ImageTracking_MotionFusion: 19959dcac4844bbd412e4016cf0c4992 -> 
  custom:scripting/monoscript/fileName/RecordingSample.cs: d769e242c499408ade7c8edb543d8dbc -> 
  custom:video-decoder-ogg-theora: a1e56fd34408186e4bbccfd4996cb3dc -> 
  custom:scripting/monoscript/fileName/SceneRecorder.cs: f9823a01f33fc748ade8424d9ec9cd0b -> 
  custom:scripting/monoscript/fileName/MapCellController.cs: 52040ff7b81738354c5dd6bec1901ad8 -> 
  custom:scripting/monoscript/fileName/MenuItems.cs: e11b8f410e4b90d8bc31151511b7d77d -> 035bcce4f9eb7847b98e5a5e065ff390
  custom:scripting/monoscript/fileName/FrameFilter.cs: bfb99fd30b1b9721f080643a69937e48 -> 
  custom:scripting/monoscript/fileName/ImageTrackingSample.cs: fcaf2654f8097b0f11f01c7d0874a59c -> 
  custom:scripting/monoscript/fileName/EasyARSettingsEditor.cs: ac8ed91a04e2bc6eb47e3aa772fc48f1 -> 
  custom:scripting/monoscript/fileName/VideoPlayerAgent.cs: 82b63d6ff27f2746758f86f64f2537a8 -> 
  custom:scripting/monoscript/fileName/UIController.cs: b01872d6ec9c7090bdbae2fda967fae2 -> 
  custom:scripting/monoscript/fileName/EasyARSettings.cs: a6c4ad6160416c290071acc2e5f5d5dc -> 
  custom:scripting/monoscript/fileName/OneShot.cs: 35dc9a0e73e9b1ab4d355ef717217d8c -> 
  custom:scripting/monoscript/fileName/AskAQuestion.cs: 08057b012d2e2181507c581e16186e48 -> 
  custom:scripting/monoscript/fileName/SparseSpatialMapWorkerFrameFilter.cs: 1bd68f8d802753dac630d3983bf678c2 -> 
  custom:CustomObjectIndexerAttribute: 72b91833f83ae208fae7752999fa3104 -> 
  custom:scripting/precompiled-assembly-types:EasyAR.Sense.Sample.FrameRecording: ed78ef66b492b1d76895d8296de1270f -> 
  custom:scripting/monoscript/fileName/ObjectTrackerFrameFilter.cs: f96f41ae5c1efd03c276270913244205 -> 
  custom:scripting/monoscript/fileName/Sample.cs: 8846456d8e334848695238b7d041f3f3 -> 
  custom:scripting/precompiled-assembly-types:EasyAR.Sense.Sample.MultiTarget_SameImage: 79ffef81bc79391d2be2658cd3e5cd34 -> 
  custom:scripting/monoscript/fileName/MainViewController.cs: 781b8458f714c73e5b55660fce2c960d -> 
  custom:container-demuxer-webm: 4f35f7cbe854078d1ac9338744f61a02 -> 
  custom:scripting/precompiled-assembly-types:EasyAR.Sense.Sample.SurfaceTracking_ImageTarget: 7a565da2ac87ea1047b1c3458492902b -> 
  custom:scripting/monoscript/fileName/MultiTargetSameImageSample.cs: e549cf12dab963dd6e1913f601b83246 -> 
  custom:scripting/precompiled-assembly-types:EasyAR.Sense.Sample.SurfaceTracking: d80a4a775a3b9c8bdc5c65aaa06841aa -> 
  custom:scripting/monoscript/fileName/FrameRecorder.cs: edb39ac00a642938666400036308506d -> 
  custom:scripting/monoscript/fileName/APIDocGenerator.cs: 8b06ce8364f836e81dc3ccd33db09792 -> 
  custom:scripting/monoscript/fileName/Coloring3D.cs: 3efea14cdfeb98f6e02ee84292bfef27 -> 
  custom:scripting/monoscript/fileName/Java.cs: d156d8723557eb704c38bdd5822e8dda -> 23333680cb2e70ba8bbce74628d877c3
  custom:scripting/monoscript/fileName/SurfaceTrackerFrameFilterEditor.cs: 4a0a452b4447a3eb2048cbb820a2e09b -> 
  custom:scripting/monoscript/fileName/PropGridController.cs: 8804bd64a11c008fdfee49356b72e0d3 -> 
  custom:scripting/monoscript/fileName/TargetOnTheFlySample.cs: 1e94da2d79d1fda69102591bbae648b5 -> 
  custom:scripting/precompiled-assembly-types:EasyAR.Sense.Sample.AllSamplesLauncher: 41f08bfd010c84c02fcdcb83e893934e -> 
  custom:scripting/monoscript/fileName/CameraDeviceFrameSource.cs: 25c8a277f928eee7f9bc3ad58f8ad099 -> 
  custom:scripting/monoscript/fileName/csapi.cs: 227d64746be129f0241b641ae008cefc -> 
  custom:scripting/monoscript/fileName/EditViewController.cs: 8813a5bdef158ac4ae81572a72f31bd0 -> 
  custom:scripting/monoscript/fileName/MapBuilding_SparseSample.cs: e4b835d74854b64a1c3726f766ceb0b9 -> 
  custom:scripting/monoscript/fileName/ARSessionEditor.cs: 0872e21d2e2692a53af028cf762b6949 -> 314d9be71d10657eb27ef5e11794e341
  custom:scripting/monoscript/fileName/CameraImageRenderer.cs: 0fe0a9ca89fa0e1e1c15d89ec39bfba2 -> 
  custom:scripting/monoscript/fileName/SurfaceTrackerFrameFilter.cs: 7bbbbe097ea6f239bbd41ed16984b2b6 -> 
  custom:scripting/monoscript/fileName/SparseSpatialMapWorkerFrameFilterEditor.cs: 1fc9894969e9c30f7f2a021991ae98df -> 
  custom:scripting/precompiled-assembly-types:EasyAR.Sense.Sample.SpatialMap_Sparse_Localizing: e7e2d99391ade24ed700f72a2cc68921 -> 
  custom:scripting/monoscript/fileName/SparseSpatailMapSample.cs: 53227ef19285e270c07ef6615166aaff -> 
  custom:scripting/monoscript/fileName/EasyARAREngineInteropSample.cs: 2ef13f53679ade01bdc636d719221c48 -> 
  custom:scripting/monoscript/fileName/MapMetaManager.cs: 41ccfd1215019d536db1b12178c5b65c -> 
  custom:scripting/monoscript/fileName/SparseSpatialMapActiveController.cs: 5d48b7ea9c22aa83749d95518aec0c60 -> 
  custom:scripting/precompiled-assembly-types:EasyAR.Sense.Sample.ObjectTracking: 7cac1763035074042a337b56accc3fe6 -> 
  custom:scripting/monoscript/fileName/MapMeta.cs: 1f167d7661b34e3710477f297d595d8f -> 
  custom:scripting/monoscript/fileName/ARAssembly.cs: 03386d0f15b727efb1e81197208761b6 -> 
  custom:scripting/monoscript/fileName/MotionTrackingSample.cs: 793251821d5acdae161db077a86900e1 -> 
  custom:scripting/monoscript/fileName/CameraImageMaterial.cs: 457a3ae57c2a45bfd0567258ff6053d8 -> 
  custom:scripting/precompiled-assembly-types:EasyAR.Sense.Sample.MultiTarget_MultiType: f815b46ba2b33b0483ac0a2a2d76429b -> 
  custom:scripting/monoscript/fileName/FrameSource.cs: 91cb2912d57e1d12e25b9799902e9b66 -> 
  custom:scripting/monoscript/fileName/SparseSpatialMapControllerEditor.cs: a48f70759b3b724a95fef52b27b3c5ae -> 
  custom:scripting/monoscript/fileName/SparseSpatialMapRootController.cs: 1410045c5c5639d86c27bd0da99d6507 -> 
  custom:scripting/monoscript/fileName/DenseSpatialMapBuilderFrameFilterEditor.cs: 265d702ab18bfb042ad0c9acc04a0049 -> 
  custom:scripting/monoscript/fileName/ThreadWorker.cs: 3fe20cffd236ab3699ac43216c3541a2 -> 
  custom:scripting/monoscript/fileName/Primitive.cs: 6a027dbe854e964411aa65ecf43a6235 -> 
  custom:scripting/monoscript/fileName/ImageTrackerFrameFilter.cs: f99fff76a60f0d11f4c372b745b54103 -> 
  custom:scripting/precompiled-assembly-types:EasyAR.Sense.Sample.SpatialMap_SparseSpatialMap: af7a3220737d0d953d0ec3c910cab405 -> 
  custom:scripting/monoscript/fileName/ImageTargetVideoSample.cs: 5b3d69915ccea78a205e38d265a1b232 -> 
  custom:scripting/monoscript/fileName/ARKitFrameSource.cs: 96fd0fbdfc09d79413c4a4eeef2065bc -> 
  custom:video-encoder-webm-vp8: eb34c28f22e8b96e1ab97ce403110664 -> 
  custom:scripting/monoscript/fileName/DenseSpatialMapBuilderFrameFilter.cs: 8977f04c2c6d770a0c98cdfaa55cfb30 -> 
  custom:scripting/monoscript/fileName/VideoCameraSample.cs: 14de73dc5d57eecac3059ac018e2a0f7 -> 
  custom:scripting/precompiled-assembly-types:EasyAR.Sense.Sample.ImageTracking_Targets: b21619985854d02ed0be63411b33671b -> 
  custom:scripting/monoscript/fileName/ObjectTargetControllerEditor.cs: b066a6ca3337f9fec36d5b93cda2efba -> 
  custom:scripting/monoscript/fileName/ObjectTargetController.cs: 151d4a80da7cdb259a549cc19fd4563b -> 
  custom:scripting/monoscript/fileName/SampleOneShotRendererFeature.cs: 6b5cfa8088f6acbbffe19ceff96fc438 -> 
  custom:scripting/monoscript/fileName/MegaTrackerFrameFilter.cs: 014fa987e025bfc56cb18195393bed8b -> 
  custom:scripting/precompiled-assembly-types:EasyAR.Sense.Sample.MotionTracking: b8367ab8d9d0e8ff30fe33cc9dbe60b8 -> 
  custom:scripting/monoscript/fileName/ImageTargetControllerEditor.cs: 9117d5913115a514f639086f27ff8c2e -> 
  custom:scripting/monoscript/fileName/MotionTrackerFrameSource.cs: 8bb2fb020112becfb281ebe88720bed5 -> 
  custom:scripting/monoscript/fileName/VideoRecorder.cs: b9810e37c6fda0ca0aa3d1a0308b062f -> 
  custom:scripting/monoscript/fileName/MapDockController.cs: a80ba9d790508547c1e22a29d93d8826 -> 
  custom:scripting/monoscript/fileName/MegaTrackerFrameFilterEditor.cs: e09420fb87bca4f6f3e8b3f3b0207b48 -> 
  custom:scripting/precompiled-assembly-types:EasyAR.Sense.Sample.SpatialMap_Sparse_Building: 943740197feb6dcc4b638c753fff58d8 -> 
  custom:scripting/monoscript/fileName/PropCollection.cs: 4e006bc6484c221acddb430959c206a0 -> 
  custom:scripting/precompiled-assembly-types:EasyAR.Sense.Sample.MotionTracking_Fusion: 630a71ec26bc0d08b42b2d3212920681 -> 
  custom:scripting/monoscript/fileName/ARComponentPickerEditor.cs: 362aa7aa0d212441e9c74ed215dadfd8 -> 
  custom:scripting/precompiled-assembly-types:EasyAR.Sense.Sample.SpatialMap_Sparse_ImageTarget: a55e8cf5206b516da2f8e84bf1876de5 -> 
  custom:scripting/monoscript/fileName/CloudRecognizerSample.cs: c4baa70b3dffc5a952f56fb6cd171eab -> 
========================================================================
Received Import Request.
  Time since last request: 624.929918 seconds.
  path: Assets/Scenes/SampleScene.unity
  artifactKey: Guid(4755b35b590504809a7525fd2109c2e2) Importer(2089858483,0ecaa5967403d082aa24f35e1b516d23)
Start importing Assets/Scenes/SampleScene.unity using Guid(4755b35b590504809a7525fd2109c2e2) Importer(2089858483,0ecaa5967403d082aa24f35e1b516d23) [PhysX] Initialized MultithreadedTaskDispatcher with 16 workers.
 -> (artifact id: '50b43ca7f1456c4f2ee70ae14c3c9179') in 0.196214 seconds
Number of updated asset objects reloaded before import = 0
Number of asset objects unloaded after import = 1
========================================================================
Received Import Request.
  Time since last request: 0.073312 seconds.
  path: Assets/StreamingAssets/coloring3d-bear.jpg
  artifactKey: Guid(fb27650791ce8944ea0a62b139572c53) Importer(2089858483,0ecaa5967403d082aa24f35e1b516d23)
Start importing Assets/StreamingAssets/coloring3d-bear.jpg using Guid(fb27650791ce8944ea0a62b139572c53) Importer(2089858483,0ecaa5967403d082aa24f35e1b516d23) [PhysX] Initialized MultithreadedTaskDispatcher with 16 workers.
 -> (artifact id: '5640dd90a0be4507b706e79d5a05330a') in 0.007132 seconds
Number of updated asset objects reloaded before import = 0
Number of asset objects unloaded after import = 1
========================================================================
Received Import Request.
  Time since last request: 0.000030 seconds.
  path: Assets/Settings/URP-Performant-Renderer.asset
  artifactKey: Guid(585ae6eb13be34e26b0b5f03b3b6e073) Importer(2089858483,0ecaa5967403d082aa24f35e1b516d23)
Start importing Assets/Settings/URP-Performant-Renderer.asset using Guid(585ae6eb13be34e26b0b5f03b3b6e073) Importer(2089858483,0ecaa5967403d082aa24f35e1b516d23) [PhysX] Initialized MultithreadedTaskDispatcher with 16 workers.
 -> (artifact id: '4758cd8279c4bb69862d9c91831cfdfa') in 0.090702 seconds
Number of updated asset objects reloaded before import = 0
Number of asset objects unloaded after import = 1
========================================================================
Received Import Request.
  Time since last request: 0.494653 seconds.
  path: Assets/StreamingAssets/idback.etd
  artifactKey: Guid(f3923938374a8f0458bff3241a9995f2) Importer(2089858483,0ecaa5967403d082aa24f35e1b516d23)
Start importing Assets/StreamingAssets/idback.etd using Guid(f3923938374a8f0458bff3241a9995f2) Importer(2089858483,0ecaa5967403d082aa24f35e1b516d23) [PhysX] Initialized MultithreadedTaskDispatcher with 16 workers.
 -> (artifact id: 'c07c0598b03fc966b4ee3f0a79633d01') in 0.006766 seconds
Number of updated asset objects reloaded before import = 0
Number of asset objects unloaded after import = 1
========================================================================
Received Import Request.
  Time since last request: 0.000027 seconds.
  path: Assets/TextMesh Pro/Resources/LineBreaking Leading Characters.txt
  artifactKey: Guid(d82c1b31c7e74239bff1220585707d2b) Importer(2089858483,0ecaa5967403d082aa24f35e1b516d23)
Start importing Assets/TextMesh Pro/Resources/LineBreaking Leading Characters.txt using Guid(d82c1b31c7e74239bff1220585707d2b) Importer(2089858483,0ecaa5967403d082aa24f35e1b516d23) [PhysX] Initialized MultithreadedTaskDispatcher with 16 workers.
 -> (artifact id: '394ea31266e8b8b1ebbcaa25e63d6b18') in 0.008859 seconds
Number of updated asset objects reloaded before import = 0
Number of asset objects unloaded after import = 1
========================================================================
Received Import Request.
  Time since last request: 0.000034 seconds.
  path: Assets/MobileARTemplateAssets/UI/Animation/Prompt_MoveObject.controller
  artifactKey: Guid(c6856fc029df4474a8aa6f22b6c8613f) Importer(2089858483,0ecaa5967403d082aa24f35e1b516d23)
Start importing Assets/MobileARTemplateAssets/UI/Animation/Prompt_MoveObject.controller using Guid(c6856fc029df4474a8aa6f22b6c8613f) Importer(2089858483,0ecaa5967403d082aa24f35e1b516d23) [PhysX] Initialized MultithreadedTaskDispatcher with 16 workers.
 -> (artifact id: 'f3946b215ff8e8dbc65a8571c0cef2e0') in 0.009998 seconds
Number of updated asset objects reloaded before import = 0
Number of asset objects unloaded after import = 4
========================================================================
Received Import Request.
  Time since last request: 0.000028 seconds.
  path: Assets/TextMesh Pro/Sprites/EmojiOne.json
  artifactKey: Guid(8f05276190cf498a8153f6cbe761d4e6) Importer(2089858483,0ecaa5967403d082aa24f35e1b516d23)
Start importing Assets/TextMesh Pro/Sprites/EmojiOne.json using Guid(8f05276190cf498a8153f6cbe761d4e6) Importer(2089858483,0ecaa5967403d082aa24f35e1b516d23) [PhysX] Initialized MultithreadedTaskDispatcher with 16 workers.
 -> (artifact id: '2345eba23a6a7eb250c7596d66848985') in 0.007267 seconds
Number of updated asset objects reloaded before import = 0
Number of asset objects unloaded after import = 1
========================================================================
Received Import Request.
  Time since last request: 0.000046 seconds.
  path: Assets/TextMesh Pro/Shaders/TMP_SDF-Mobile Overlay.shader
  artifactKey: Guid(a02a7d8c237544f1962732b55a9aebf1) Importer(2089858483,0ecaa5967403d082aa24f35e1b516d23)
Start importing Assets/TextMesh Pro/Shaders/TMP_SDF-Mobile Overlay.shader using Guid(a02a7d8c237544f1962732b55a9aebf1) Importer(2089858483,0ecaa5967403d082aa24f35e1b516d23) [PhysX] Initialized MultithreadedTaskDispatcher with 16 workers.
 -> (artifact id: '36f982c0c7d18f4a7b1b2750194fbfe1') in 0.014697 seconds
Number of updated asset objects reloaded before import = 0
Number of asset objects unloaded after import = 1
========================================================================
Received Import Request.
  Time since last request: 0.000029 seconds.
  path: Assets/Settings/Project Configuration/SampleScene.unity
  artifactKey: Guid(99c9720ab356a0642a771bea13969a05) Importer(2089858483,0ecaa5967403d082aa24f35e1b516d23)
Start importing Assets/Settings/Project Configuration/SampleScene.unity using Guid(99c9720ab356a0642a771bea13969a05) Importer(2089858483,0ecaa5967403d082aa24f35e1b516d23) [PhysX] Initialized MultithreadedTaskDispatcher with 16 workers.
 -> (artifact id: '21005442448dab503b2087974c44802d') in 0.006581 seconds
Number of updated asset objects reloaded before import = 0
Number of asset objects unloaded after import = 1
========================================================================
Received Import Request.
  Time since last request: 0.000032 seconds.
  path: Assets/XR/Settings/AR Kit Settings.asset
  artifactKey: Guid(0465d33c6aee55f44b0237db8b0e0259) Importer(2089858483,0ecaa5967403d082aa24f35e1b516d23)
Start importing Assets/XR/Settings/AR Kit Settings.asset using Guid(0465d33c6aee55f44b0237db8b0e0259) Importer(2089858483,0ecaa5967403d082aa24f35e1b516d23) [PhysX] Initialized MultithreadedTaskDispatcher with 16 workers.
 -> (artifact id: '59bc59bccccd7c588cb70016fa6c354a') in 0.010984 seconds
Number of updated asset objects reloaded before import = 0
Number of asset objects unloaded after import = 1
========================================================================
Received Import Request.
  Time since last request: 0.000029 seconds.
  path: Assets/MobileARTemplateAssets/Scripts/ARFeatheredPlaneMeshVisualizerCompanion.cs
  artifactKey: Guid(f8cec0b420e61fe41bb6ea180155de5b) Importer(2089858483,0ecaa5967403d082aa24f35e1b516d23)
Start importing Assets/MobileARTemplateAssets/Scripts/ARFeatheredPlaneMeshVisualizerCompanion.cs using Guid(f8cec0b420e61fe41bb6ea180155de5b) Importer(2089858483,0ecaa5967403d082aa24f35e1b516d23) [PhysX] Initialized MultithreadedTaskDispatcher with 16 workers.
 -> (artifact id: 'a8303c75c1eca497b1bacbc44da71363') in 0.013963 seconds
Number of updated asset objects reloaded before import = 0
Number of asset objects unloaded after import = 1
========================================================================
Received Import Request.
  Time since last request: 0.000023 seconds.
  path: Assets/TextMesh Pro/Sprites/EmojiOne.png
  artifactKey: Guid(dffef66376be4fa480fb02b19edbe903) Importer(2089858483,0ecaa5967403d082aa24f35e1b516d23)
Start importing Assets/TextMesh Pro/Sprites/EmojiOne.png using Guid(dffef66376be4fa480fb02b19edbe903) Importer(2089858483,0ecaa5967403d082aa24f35e1b516d23) [PhysX] Initialized MultithreadedTaskDispatcher with 16 workers.
 -> (artifact id: '39728251625ac796a01a7a842586cf99') in 0.090725 seconds
Number of updated asset objects reloaded before import = 0
Number of asset objects unloaded after import = 1
========================================================================
Received Import Request.
  Time since last request: 0.000027 seconds.
  path: Assets/XR/UserSimulationSettings/SimulationEnvironmentAssetsManager.asset
  artifactKey: Guid(5135c822e9b1a427ea0f817d7e0343a7) Importer(2089858483,0ecaa5967403d082aa24f35e1b516d23)
Start importing Assets/XR/UserSimulationSettings/SimulationEnvironmentAssetsManager.asset using Guid(5135c822e9b1a427ea0f817d7e0343a7) Importer(2089858483,0ecaa5967403d082aa24f35e1b516d23) [PhysX] Initialized MultithreadedTaskDispatcher with 16 workers.
 -> (artifact id: '84279181cb283ac1084806f93569de21') in 0.009960 seconds
Number of updated asset objects reloaded before import = 0
Number of asset objects unloaded after import = 1
========================================================================
Received Import Request.
  Time since last request: 0.000023 seconds.
  path: Assets/StreamingAssets/sightplus/argame02.jpg
  artifactKey: Guid(75edf5423d6cb9e49b56470c283810a4) Importer(2089858483,0ecaa5967403d082aa24f35e1b516d23)
Start importing Assets/StreamingAssets/sightplus/argame02.jpg using Guid(75edf5423d6cb9e49b56470c283810a4) Importer(2089858483,0ecaa5967403d082aa24f35e1b516d23) [PhysX] Initialized MultithreadedTaskDispatcher with 16 workers.
 -> (artifact id: '4ddd6f048d72a3bd0628bd34f5085cef') in 0.005637 seconds
Number of updated asset objects reloaded before import = 0
Number of asset objects unloaded after import = 1
========================================================================
Received Import Request.
  Time since last request: 0.000022 seconds.
  path: Assets/XRI/Settings/XRInteractionEditorSettings.asset
  artifactKey: Guid(7869eaf791ac4420f9fa96f08a288681) Importer(2089858483,0ecaa5967403d082aa24f35e1b516d23)
Start importing Assets/XRI/Settings/XRInteractionEditorSettings.asset using Guid(7869eaf791ac4420f9fa96f08a288681) Importer(2089858483,0ecaa5967403d082aa24f35e1b516d23) [PhysX] Initialized MultithreadedTaskDispatcher with 16 workers.
 -> (artifact id: 'd433b22999578c5a66066e38f5ee74b7') in 0.010997 seconds
Number of updated asset objects reloaded before import = 0
Number of asset objects unloaded after import = 1
========================================================================
Received Import Request.
  Time since last request: 0.000030 seconds.
  path: Assets/MobileARTemplateAssets/Shaders/InteractablePrimitive.shadergraph
  artifactKey: Guid(37c51f8d6a7e5674aab5ed399eaf0cfe) Importer(2089858483,0ecaa5967403d082aa24f35e1b516d23)
Start importing Assets/MobileARTemplateAssets/Shaders/InteractablePrimitive.shadergraph using Guid(37c51f8d6a7e5674aab5ed399eaf0cfe) Importer(2089858483,0ecaa5967403d082aa24f35e1b516d23) [PhysX] Initialized MultithreadedTaskDispatcher with 16 workers.
 -> (artifact id: '0d1d90e613fe80bf9dada1d385bb0227') in 0.024428 seconds
Number of updated asset objects reloaded before import = 0
Number of asset objects unloaded after import = 3
========================================================================
Received Import Request.
  Time since last request: 0.000041 seconds.
  path: Assets/StreamingAssets/namecard.jpg
  artifactKey: Guid(5e74c378611fb374987c6860a040134c) Importer(2089858483,0ecaa5967403d082aa24f35e1b516d23)
Start importing Assets/StreamingAssets/namecard.jpg using Guid(5e74c378611fb374987c6860a040134c) Importer(2089858483,0ecaa5967403d082aa24f35e1b516d23) [PhysX] Initialized MultithreadedTaskDispatcher with 16 workers.
 -> (artifact id: 'c59568b5c07b86fbe532b9d1782b3c11') in 0.005784 seconds
Number of updated asset objects reloaded before import = 0
Number of asset objects unloaded after import = 1
========================================================================
Received Import Request.
  Time since last request: 0.000023 seconds.
  path: Assets/MobileARTemplateAssets/Materials/OcclusionMaterial.mat
  artifactKey: Guid(b1c0a3539eb5c4008ac8cbe31431cb49) Importer(2089858483,0ecaa5967403d082aa24f35e1b516d23)
Start importing Assets/MobileARTemplateAssets/Materials/OcclusionMaterial.mat using Guid(b1c0a3539eb5c4008ac8cbe31431cb49) Importer(2089858483,0ecaa5967403d082aa24f35e1b516d23) [PhysX] Initialized MultithreadedTaskDispatcher with 16 workers.
 -> (artifact id: '29370f7d11392e070c3abafe2a0f6b4d') in 0.007862 seconds
Number of updated asset objects reloaded before import = 0
Number of asset objects unloaded after import = 1
========================================================================
Received Import Request.
  Time since last request: 0.000023 seconds.
  path: Assets/TextMesh Pro/Documentation/TextMesh Pro User Guide 2016.pdf
  artifactKey: Guid(1b8d251f9af63b746bf2f7ffe00ebb9b) Importer(2089858483,0ecaa5967403d082aa24f35e1b516d23)
Start importing Assets/TextMesh Pro/Documentation/TextMesh Pro User Guide 2016.pdf using Guid(1b8d251f9af63b746bf2f7ffe00ebb9b) Importer(2089858483,0ecaa5967403d082aa24f35e1b516d23) [PhysX] Initialized MultithreadedTaskDispatcher with 16 workers.
 -> (artifact id: 'e59c82adc28ca0be115998fbcbf482c0') in 0.005685 seconds
Number of updated asset objects reloaded before import = 0
Number of asset objects unloaded after import = 1
========================================================================
Received Import Request.
  Time since last request: 0.000081 seconds.
  path: Assets/XR/XRGeneralSettings.asset
  artifactKey: Guid(3fd4fc0127790db4bae83f7b77da8d45) Importer(2089858483,0ecaa5967403d082aa24f35e1b516d23)
Start importing Assets/XR/XRGeneralSettings.asset using Guid(3fd4fc0127790db4bae83f7b77da8d45) Importer(2089858483,0ecaa5967403d082aa24f35e1b516d23) [PhysX] Initialized MultithreadedTaskDispatcher with 16 workers.
 -> (artifact id: '01015c3782062ecaf8dfcb11dd8e4a31') in 0.035495 seconds
Number of updated asset objects reloaded before import = 0
Number of asset objects unloaded after import = 1
========================================================================
Received Import Request.
  Time since last request: 0.000021 seconds.
  path: Assets/Settings/Project Configuration/TemplateImage.png
  artifactKey: Guid(5843b284d48a6ff4193b606a018b6bd2) Importer(2089858483,0ecaa5967403d082aa24f35e1b516d23)
Start importing Assets/Settings/Project Configuration/TemplateImage.png using Guid(5843b284d48a6ff4193b606a018b6bd2) Importer(2089858483,0ecaa5967403d082aa24f35e1b516d23) [PhysX] Initialized MultithreadedTaskDispatcher with 16 workers.
 -> (artifact id: '9f32b6fb102476085994a45ae1cd176c') in 0.016860 seconds
Number of updated asset objects reloaded before import = 0
Number of asset objects unloaded after import = 1
========================================================================
Received Import Request.
  Time since last request: 0.000017 seconds.
  path: Assets/MobileARTemplateAssets/UI/Animation/Prompt_Manipulate.controller
  artifactKey: Guid(630b9a6140ec74031af7049eda0e0f12) Importer(2089858483,0ecaa5967403d082aa24f35e1b516d23)
Start importing Assets/MobileARTemplateAssets/UI/Animation/Prompt_Manipulate.controller using Guid(630b9a6140ec74031af7049eda0e0f12) Importer(2089858483,0ecaa5967403d082aa24f35e1b516d23) [PhysX] Initialized MultithreadedTaskDispatcher with 16 workers.
 -> (artifact id: 'd2b9fa8045f2cad0b63716b39f736887') in 0.010413 seconds
Number of updated asset objects reloaded before import = 0
Number of asset objects unloaded after import = 11
========================================================================
Received Import Request.
  Time since last request: 0.000020 seconds.
  path: Assets/TextMesh Pro/Shaders/TMP_Sprite.shader
  artifactKey: Guid(cf81c85f95fe47e1a27f6ae460cf182c) Importer(2089858483,0ecaa5967403d082aa24f35e1b516d23)
Start importing Assets/TextMesh Pro/Shaders/TMP_Sprite.shader using Guid(cf81c85f95fe47e1a27f6ae460cf182c) Importer(2089858483,0ecaa5967403d082aa24f35e1b516d23) [PhysX] Initialized MultithreadedTaskDispatcher with 16 workers.
 -> (artifact id: 'ecef85154e5ca089524d9d9b5bc091e1') in 0.006890 seconds
Number of updated asset objects reloaded before import = 0
Number of asset objects unloaded after import = 1
========================================================================
Received Import Request.
  Time since last request: 0.000037 seconds.
  path: Assets/MobileARTemplateAssets/UI/Animation/Prompt_ScaleObject.controller
  artifactKey: Guid(2c516ede2edf144c19a6954317385249) Importer(2089858483,0ecaa5967403d082aa24f35e1b516d23)
Start importing Assets/MobileARTemplateAssets/UI/Animation/Prompt_ScaleObject.controller using Guid(2c516ede2edf144c19a6954317385249) Importer(2089858483,0ecaa5967403d082aa24f35e1b516d23) [PhysX] Initialized MultithreadedTaskDispatcher with 16 workers.
 -> (artifact id: '3a798bde2f962a5b250cf113bce663cd') in 0.009803 seconds
Number of updated asset objects reloaded before import = 0
Number of asset objects unloaded after import = 4
========================================================================
Received Import Request.
  Time since last request: 0.000022 seconds.
  path: Assets/MobileARTemplateAssets/UI/Animation/Prompt_InputScale.anim
  artifactKey: Guid(101d4ee47c5934fcd8a560565096f04c) Importer(2089858483,0ecaa5967403d082aa24f35e1b516d23)
Start importing Assets/MobileARTemplateAssets/UI/Animation/Prompt_InputScale.anim using Guid(101d4ee47c5934fcd8a560565096f04c) Importer(2089858483,0ecaa5967403d082aa24f35e1b516d23) [PhysX] Initialized MultithreadedTaskDispatcher with 16 workers.
 -> (artifact id: '783a308e4d7283af28a6d00c19f0cb03') in 0.015470 seconds
Number of updated asset objects reloaded before import = 0
Number of asset objects unloaded after import = 1
========================================================================
Received Import Request.
  Time since last request: 0.000028 seconds.
  path: Assets/StreamingAssets/namecard.etd
  artifactKey: Guid(7db6980461f42bb428bdc98643cf962c) Importer(2089858483,0ecaa5967403d082aa24f35e1b516d23)
Start importing Assets/StreamingAssets/namecard.etd using Guid(7db6980461f42bb428bdc98643cf962c) Importer(2089858483,0ecaa5967403d082aa24f35e1b516d23) [PhysX] Initialized MultithreadedTaskDispatcher with 16 workers.
 -> (artifact id: 'a1a545c13287ce85e6e1dcaac233013c') in 0.006845 seconds
Number of updated asset objects reloaded before import = 0
Number of asset objects unloaded after import = 1
========================================================================
Received Import Request.
  Time since last request: 0.000042 seconds.
  path: Assets/MobileARTemplateAssets/Prefabs/ArchVariant.prefab
  artifactKey: Guid(b1b37ac0eaa6a9a4785fc1f26065e8b3) Importer(2089858483,0ecaa5967403d082aa24f35e1b516d23)
Start importing Assets/MobileARTemplateAssets/Prefabs/ArchVariant.prefab using Guid(b1b37ac0eaa6a9a4785fc1f26065e8b3) Importer(2089858483,0ecaa5967403d082aa24f35e1b516d23) [PhysX] Initialized MultithreadedTaskDispatcher with 16 workers.
 -> (artifact id: '7d7919a280d2e51d438df0e6445c1982') in 0.091645 seconds
Number of updated asset objects reloaded before import = 0
Number of asset objects unloaded after import = 41
========================================================================
Received Import Request.
  Time since last request: 0.000022 seconds.
  path: Assets/MobileARTemplateAssets/UI/Prefabs/Prompt_RotateObject.prefab
  artifactKey: Guid(d6df0df54b7dd4cd9ae7fa880a63e827) Importer(2089858483,0ecaa5967403d082aa24f35e1b516d23)
Start importing Assets/MobileARTemplateAssets/UI/Prefabs/Prompt_RotateObject.prefab using Guid(d6df0df54b7dd4cd9ae7fa880a63e827) Importer(2089858483,0ecaa5967403d082aa24f35e1b516d23) [PhysX] Initialized MultithreadedTaskDispatcher with 16 workers.
 -> (artifact id: 'f2a6e3037c9dd741abd4889117a710bd') in 0.055162 seconds
Number of updated asset objects reloaded before import = 0
Number of asset objects unloaded after import = 61
========================================================================
Received Import Request.
  Time since last request: 0.000023 seconds.
  path: Assets/MobileARTemplateAssets/UI/Sprites/Icon-Cube.png
  artifactKey: Guid(f9e6d8a7f941049e3a17d025c44a07e5) Importer(2089858483,0ecaa5967403d082aa24f35e1b516d23)
Start importing Assets/MobileARTemplateAssets/UI/Sprites/Icon-Cube.png using Guid(f9e6d8a7f941049e3a17d025c44a07e5) Importer(2089858483,0ecaa5967403d082aa24f35e1b516d23) [PhysX] Initialized MultithreadedTaskDispatcher with 16 workers.
 -> (artifact id: '2426148a09e5b4c71c9327cbbae4bff7') in 0.022638 seconds
Number of updated asset objects reloaded before import = 0
Number of asset objects unloaded after import = 3
========================================================================
Received Import Request.
  Time since last request: 0.000027 seconds.
  path: Assets/MobileARTemplateAssets/UI/Sprites/Icon-Unity.png
  artifactKey: Guid(8a45b30277e4e4bf0a2104b9870d433b) Importer(2089858483,0ecaa5967403d082aa24f35e1b516d23)
Start importing Assets/MobileARTemplateAssets/UI/Sprites/Icon-Unity.png using Guid(8a45b30277e4e4bf0a2104b9870d433b) Importer(2089858483,0ecaa5967403d082aa24f35e1b516d23) [PhysX] Initialized MultithreadedTaskDispatcher with 16 workers.
 -> (artifact id: '7da421f728f1555594d3b7e4380a6202') in 0.015854 seconds
Number of updated asset objects reloaded before import = 0
Number of asset objects unloaded after import = 3
========================================================================
Received Import Request.
  Time since last request: 0.000040 seconds.
  path: Assets/MobileARTemplateAssets/UI/Scripts/CutoutMaskUI.cs
  artifactKey: Guid(9b1dfbe88cc3d4ad28be616dfccd851b) Importer(2089858483,0ecaa5967403d082aa24f35e1b516d23)
Start importing Assets/MobileARTemplateAssets/UI/Scripts/CutoutMaskUI.cs using Guid(9b1dfbe88cc3d4ad28be616dfccd851b) Importer(2089858483,0ecaa5967403d082aa24f35e1b516d23) [PhysX] Initialized MultithreadedTaskDispatcher with 16 workers.
 -> (artifact id: '20223cddbec90058cdea5f1ec8921503') in 0.024290 seconds
Number of updated asset objects reloaded before import = 0
Number of asset objects unloaded after import = 1
========================================================================
Received Import Request.
  Time since last request: 0.000030 seconds.
  path: Assets/MobileARTemplateAssets/UI/Sprites/Icon-Cube_Move.png
  artifactKey: Guid(4216aa950c3d04665ba85191ced11370) Importer(2089858483,0ecaa5967403d082aa24f35e1b516d23)
Start importing Assets/MobileARTemplateAssets/UI/Sprites/Icon-Cube_Move.png using Guid(4216aa950c3d04665ba85191ced11370) Importer(2089858483,0ecaa5967403d082aa24f35e1b516d23) [PhysX] Initialized MultithreadedTaskDispatcher with 16 workers.
 -> (artifact id: '336781ae4cc9c1a4e2ad50f0f57d1187') in 0.016073 seconds
Number of updated asset objects reloaded before import = 0
Number of asset objects unloaded after import = 3
========================================================================
Received Import Request.
  Time since last request: 0.000051 seconds.
  path: Assets/MobileARTemplateAssets/UI/Sprites/Icon-Cube_Lift.png
  artifactKey: Guid(d156fc03d649f4bc99679bac977609a3) Importer(2089858483,0ecaa5967403d082aa24f35e1b516d23)
Start importing Assets/MobileARTemplateAssets/UI/Sprites/Icon-Cube_Lift.png using Guid(d156fc03d649f4bc99679bac977609a3) Importer(2089858483,0ecaa5967403d082aa24f35e1b516d23) [PhysX] Initialized MultithreadedTaskDispatcher with 16 workers.
 -> (artifact id: '4a7e601bda9ad4bd665ca1f15b953a72') in 0.017338 seconds
Number of updated asset objects reloaded before import = 0
Number of asset objects unloaded after import = 3
========================================================================
Received Import Request.
  Time since last request: 0.000020 seconds.
  path: Assets/MobileARTemplateAssets/UI/Sprites/Icon-Cube_Rotate.png
  artifactKey: Guid(23564d3378a9d4983988576f242089eb) Importer(2089858483,0ecaa5967403d082aa24f35e1b516d23)
Start importing Assets/MobileARTemplateAssets/UI/Sprites/Icon-Cube_Rotate.png using Guid(23564d3378a9d4983988576f242089eb) Importer(2089858483,0ecaa5967403d082aa24f35e1b516d23) [PhysX] Initialized MultithreadedTaskDispatcher with 16 workers.
 -> (artifact id: 'a094876aa1cae76def7d825d4b24da73') in 0.014856 seconds
Number of updated asset objects reloaded before import = 0
Number of asset objects unloaded after import = 3
========================================================================
Received Import Request.
  Time since last request: 0.000021 seconds.
  path: Assets/MobileARTemplateAssets/UI/Sprites/Icon-Gesture_PinchOpen.png
  artifactKey: Guid(ea3ca2f27abcc4058832d7106dab9223) Importer(2089858483,0ecaa5967403d082aa24f35e1b516d23)
Start importing Assets/MobileARTemplateAssets/UI/Sprites/Icon-Gesture_PinchOpen.png using Guid(ea3ca2f27abcc4058832d7106dab9223) Importer(2089858483,0ecaa5967403d082aa24f35e1b516d23) [PhysX] Initialized MultithreadedTaskDispatcher with 16 workers.
 -> (artifact id: 'a31cf1e71c4981e6bf651cfaf13d955f') in 0.016256 seconds
Number of updated asset objects reloaded before import = 0
Number of asset objects unloaded after import = 3
========================================================================
Received Import Request.
  Time since last request: 0.000024 seconds.
  path: Assets/MobileARTemplateAssets/UI/Fonts/OFL.txt
  artifactKey: Guid(b95a3d6a9b91e490abb2ad42ea8a6404) Importer(2089858483,0ecaa5967403d082aa24f35e1b516d23)
Start importing Assets/MobileARTemplateAssets/UI/Fonts/OFL.txt using Guid(b95a3d6a9b91e490abb2ad42ea8a6404) Importer(2089858483,0ecaa5967403d082aa24f35e1b516d23) [PhysX] Initialized MultithreadedTaskDispatcher with 16 workers.
 -> (artifact id: 'ba78a3ddbb81ec7a150a0eec726d706a') in 0.006577 seconds
Number of updated asset objects reloaded before import = 0
Number of asset objects unloaded after import = 1
========================================================================
Received Import Request.
  Time since last request: 0.000045 seconds.
  path: Assets/TextMesh Pro/Shaders/TMP_SDF-Mobile Masking.shader
  artifactKey: Guid(bc1ede39bf3643ee8e493720e4259791) Importer(2089858483,0ecaa5967403d082aa24f35e1b516d23)
Start importing Assets/TextMesh Pro/Shaders/TMP_SDF-Mobile Masking.shader using Guid(bc1ede39bf3643ee8e493720e4259791) Importer(2089858483,0ecaa5967403d082aa24f35e1b516d23) [PhysX] Initialized MultithreadedTaskDispatcher with 16 workers.
 -> (artifact id: '643f636dd26eac8af94b83017e7ae3c1') in 0.007913 seconds
Number of updated asset objects reloaded before import = 0
Number of asset objects unloaded after import = 1
========================================================================
Received Import Request.
  Time since last request: 0.000022 seconds.
  path: Assets/StreamingAssets/sightplus/argame03.jpg
  artifactKey: Guid(12331f57407144b44ae46d61f74aaf8b) Importer(2089858483,0ecaa5967403d082aa24f35e1b516d23)
Start importing Assets/StreamingAssets/sightplus/argame03.jpg using Guid(12331f57407144b44ae46d61f74aaf8b) Importer(2089858483,0ecaa5967403d082aa24f35e1b516d23) [PhysX] Initialized MultithreadedTaskDispatcher with 16 workers.
 -> (artifact id: 'b44542787d1757ebcaf2e5fcff9d3324') in 0.006946 seconds
Number of updated asset objects reloaded before import = 0
Number of asset objects unloaded after import = 1
========================================================================
Received Import Request.
  Time since last request: 0.000026 seconds.
  path: Assets/TextMesh Pro/Sprites/EmojiOne Attribution.txt
  artifactKey: Guid(381dcb09d5029d14897e55f98031fca5) Importer(2089858483,0ecaa5967403d082aa24f35e1b516d23)
Start importing Assets/TextMesh Pro/Sprites/EmojiOne Attribution.txt using Guid(381dcb09d5029d14897e55f98031fca5) Importer(2089858483,0ecaa5967403d082aa24f35e1b516d23) [PhysX] Initialized MultithreadedTaskDispatcher with 16 workers.
 -> (artifact id: 'a3711d9d58a37aebefd83229bbf2dd9a') in 0.008783 seconds
Number of updated asset objects reloaded before import = 0
Number of asset objects unloaded after import = 1
========================================================================
Received Import Request.
  Time since last request: 0.000037 seconds.
  path: Assets/TextMesh Pro/Shaders/TMPro_Surface.cginc
  artifactKey: Guid(d930090c0cd643c7b55f19a38538c162) Importer(2089858483,0ecaa5967403d082aa24f35e1b516d23)
Start importing Assets/TextMesh Pro/Shaders/TMPro_Surface.cginc using Guid(d930090c0cd643c7b55f19a38538c162) Importer(2089858483,0ecaa5967403d082aa24f35e1b516d23) [PhysX] Initialized MultithreadedTaskDispatcher with 16 workers.
 -> (artifact id: '6357a8ac2e578c183ce789d4de02344d') in 0.007638 seconds
Number of updated asset objects reloaded before import = 0
Number of asset objects unloaded after import = 1
========================================================================
Received Import Request.
  Time since last request: 0.000027 seconds.
  path: Assets/TextMesh Pro/Fonts/LiberationSans.ttf
  artifactKey: Guid(e3265ab4bf004d28a9537516768c1c75) Importer(2089858483,0ecaa5967403d082aa24f35e1b516d23)
Start importing Assets/TextMesh Pro/Fonts/LiberationSans.ttf using Guid(e3265ab4bf004d28a9537516768c1c75) Importer(2089858483,0ecaa5967403d082aa24f35e1b516d23) [PhysX] Initialized MultithreadedTaskDispatcher with 16 workers.
 -> (artifact id: 'a34f10479098fcc56707dfc9f7844f3f') in 0.032289 seconds
Number of updated asset objects reloaded before import = 0
Number of asset objects unloaded after import = 3
========================================================================
Received Import Request.
  Time since last request: 0.000020 seconds.
  path: Assets/MobileARTemplateAssets/UI/Fonts/Inter-Regular_SDF_Underlay.asset
  artifactKey: Guid(338b87ec800b74d4786573b1fdd14c13) Importer(2089858483,0ecaa5967403d082aa24f35e1b516d23)
Start importing Assets/MobileARTemplateAssets/UI/Fonts/Inter-Regular_SDF_Underlay.asset using Guid(338b87ec800b74d4786573b1fdd14c13) Importer(2089858483,0ecaa5967403d082aa24f35e1b516d23) [PhysX] Initialized MultithreadedTaskDispatcher with 16 workers.
 -> (artifact id: 'd246519e10544540130aefc400b0f050') in 0.044646 seconds
Number of updated asset objects reloaded before import = 0
Number of asset objects unloaded after import = 3
========================================================================
Received Import Request.
  Time since last request: 0.000029 seconds.
  path: Assets/TextMesh Pro/Shaders/TMP_SDF Overlay.shader
  artifactKey: Guid(dd89cf5b9246416f84610a006f916af7) Importer(2089858483,0ecaa5967403d082aa24f35e1b516d23)
Start importing Assets/TextMesh Pro/Shaders/TMP_SDF Overlay.shader using Guid(dd89cf5b9246416f84610a006f916af7) Importer(2089858483,0ecaa5967403d082aa24f35e1b516d23) [PhysX] Initialized MultithreadedTaskDispatcher with 16 workers.
 -> (artifact id: '5a55db2eba8fc622a0f73ded5f597c6e') in 0.009924 seconds
Number of updated asset objects reloaded before import = 0
Number of asset objects unloaded after import = 1
========================================================================
Received Import Request.
  Time since last request: 0.000029 seconds.
  path: Assets/MobileARTemplateAssets/Tutorial/TutorialLayout.wlt
  artifactKey: Guid(9349b491173a40341b110657656ea86b) Importer(2089858483,0ecaa5967403d082aa24f35e1b516d23)
Start importing Assets/MobileARTemplateAssets/Tutorial/TutorialLayout.wlt using Guid(9349b491173a40341b110657656ea86b) Importer(2089858483,0ecaa5967403d082aa24f35e1b516d23) [PhysX] Initialized MultithreadedTaskDispatcher with 16 workers.
 -> (artifact id: 'bef71b81bbacb6652f7a536301ef513b') in 0.006489 seconds
Number of updated asset objects reloaded before import = 0
Number of asset objects unloaded after import = 1
========================================================================
Received Import Request.
  Time since last request: 0.000023 seconds.
  path: Assets/TextMesh Pro/Resources/Fonts & Materials/LiberationSans SDF - Drop Shadow.mat
  artifactKey: Guid(e73a58f6e2794ae7b1b7e50b7fb811b0) Importer(2089858483,0ecaa5967403d082aa24f35e1b516d23)
Start importing Assets/TextMesh Pro/Resources/Fonts & Materials/LiberationSans SDF - Drop Shadow.mat using Guid(e73a58f6e2794ae7b1b7e50b7fb811b0) Importer(2089858483,0ecaa5967403d082aa24f35e1b516d23) [PhysX] Initialized MultithreadedTaskDispatcher with 16 workers.
 -> (artifact id: '2f21f9813c0d7b6fac6a8b11ffc621a8') in 0.027550 seconds
Number of updated asset objects reloaded before import = 0
Number of asset objects unloaded after import = 2
========================================================================
Received Import Request.
  Time since last request: 0.000025 seconds.
  path: Assets/Samples/XR Interaction Toolkit/3.0.4/Starter Assets/Animations/ArrowBounce.anim
  artifactKey: Guid(ebfa13455423c254e943b87bf6e1f310) Importer(2089858483,0ecaa5967403d082aa24f35e1b516d23)
Start importing Assets/Samples/XR Interaction Toolkit/3.0.4/Starter Assets/Animations/ArrowBounce.anim using Guid(ebfa13455423c254e943b87bf6e1f310) Importer(2089858483,0ecaa5967403d082aa24f35e1b516d23) [PhysX] Initialized MultithreadedTaskDispatcher with 16 workers.
 -> (artifact id: '06b20024626ff78c732cfd2f861d162a') in 0.011824 seconds
Number of updated asset objects reloaded before import = 0
Number of asset objects unloaded after import = 1
========================================================================
Received Import Request.
  Time since last request: 0.000028 seconds.
  path: Assets/Samples/XR Interaction Toolkit/3.0.4/AR Starter Assets/Prefabs/XR Origin (AR Rig).prefab
  artifactKey: Guid(48cb3fb68c91eb94999fd99957eb0cae) Importer(2089858483,0ecaa5967403d082aa24f35e1b516d23)
Start importing Assets/Samples/XR Interaction Toolkit/3.0.4/AR Starter Assets/Prefabs/XR Origin (AR Rig).prefab using Guid(48cb3fb68c91eb94999fd99957eb0cae) Importer(2089858483,0ecaa5967403d082aa24f35e1b516d23) [PhysX] Initialized MultithreadedTaskDispatcher with 16 workers.
 -> (artifact id: 'e7304f12688b16e9f0ebd6e0304c9fee') in 0.068788 seconds
Number of updated asset objects reloaded before import = 0
Number of asset objects unloaded after import = 53
========================================================================
Received Import Request.
  Time since last request: 0.000037 seconds.
  path: Assets/Samples/XR Interaction Toolkit/3.0.4/Starter Assets/XRI Default Input Actions.inputactions
  artifactKey: Guid(c348712bda248c246b8c49b3db54643f) Importer(2089858483,0ecaa5967403d082aa24f35e1b516d23)
Start importing Assets/Samples/XR Interaction Toolkit/3.0.4/Starter Assets/XRI Default Input Actions.inputactions using Guid(c348712bda248c246b8c49b3db54643f) Importer(2089858483,0ecaa5967403d082aa24f35e1b516d23) [PhysX] Initialized MultithreadedTaskDispatcher with 16 workers.
 -> (artifact id: 'ee22aef7ddc34a9fb2127314e552ae6b') in 0.379626 seconds
Number of updated asset objects reloaded before import = 0
Number of asset objects unloaded after import = 93
========================================================================
Received Import Request.
  Time since last request: 0.000027 seconds.
  path: Assets/Samples/XR Interaction Toolkit/3.0.4/Starter Assets/Models/Primitive_Cylinder.fbx
  artifactKey: Guid(9e1dc1c14313460d872de39e35129b39) Importer(2089858483,0ecaa5967403d082aa24f35e1b516d23)
Start importing Assets/Samples/XR Interaction Toolkit/3.0.4/Starter Assets/Models/Primitive_Cylinder.fbx using Guid(9e1dc1c14313460d872de39e35129b39) Importer(2089858483,0ecaa5967403d082aa24f35e1b516d23) [PhysX] Initialized MultithreadedTaskDispatcher with 16 workers.
 -> (artifact id: '8cfc9e4af7ea5f6b41b25647bd6ee218') in 0.047798 seconds
Number of updated asset objects reloaded before import = 0
Number of asset objects unloaded after import = 7
========================================================================
Received Import Request.
  Time since last request: 0.000037 seconds.
  path: Assets/Samples/XR Interaction Toolkit/3.0.4/Starter Assets/Models/Pinch_Pointer_LOD0.fbx
  artifactKey: Guid(e053b8fbc416ba349b4a58a26410bba2) Importer(2089858483,0ecaa5967403d082aa24f35e1b516d23)
Start importing Assets/Samples/XR Interaction Toolkit/3.0.4/Starter Assets/Models/Pinch_Pointer_LOD0.fbx using Guid(e053b8fbc416ba349b4a58a26410bba2) Importer(2089858483,0ecaa5967403d082aa24f35e1b516d23) [PhysX] Initialized MultithreadedTaskDispatcher with 16 workers.
 -> (artifact id: 'db683b8922d50eb1525987206ed5bf46') in 0.039595 seconds
Number of updated asset objects reloaded before import = 0
Number of asset objects unloaded after import = 6
========================================================================
Received Import Request.
  Time since last request: 0.000026 seconds.
  path: Assets/Samples/XR Interaction Toolkit/3.0.4/Starter Assets/Models/Primitive_Wedge.fbx
  artifactKey: Guid(ab3a79eba4de4be0ad5fead9fb858190) Importer(2089858483,0ecaa5967403d082aa24f35e1b516d23)
Start importing Assets/Samples/XR Interaction Toolkit/3.0.4/Starter Assets/Models/Primitive_Wedge.fbx using Guid(ab3a79eba4de4be0ad5fead9fb858190) Importer(2089858483,0ecaa5967403d082aa24f35e1b516d23) [PhysX] Initialized MultithreadedTaskDispatcher with 16 workers.
 -> (artifact id: 'dd37da7b70448a69a081256a77e67cc6') in 0.018142 seconds
Number of updated asset objects reloaded before import = 0
Number of asset objects unloaded after import = 7
========================================================================
Received Import Request.
  Time since last request: 0.000029 seconds.
  path: Assets/Samples/XR Interaction Toolkit/3.0.4/Starter Assets/Presets/XRI Default Continuous Turn.preset
  artifactKey: Guid(735a78fc7c2a98a4e85e0e42bf895f48) Importer(2089858483,0ecaa5967403d082aa24f35e1b516d23)
Start importing Assets/Samples/XR Interaction Toolkit/3.0.4/Starter Assets/Presets/XRI Default Continuous Turn.preset using Guid(735a78fc7c2a98a4e85e0e42bf895f48) Importer(2089858483,0ecaa5967403d082aa24f35e1b516d23) [PhysX] Initialized MultithreadedTaskDispatcher with 16 workers.
 -> (artifact id: 'f506922ec06f723e2cc5966213fe34f4') in 0.015276 seconds
Number of updated asset objects reloaded before import = 0
Number of asset objects unloaded after import = 5
========================================================================
Received Import Request.
  Time since last request: 0.000029 seconds.
  path: Assets/Samples/XR Interaction Toolkit/3.0.4/Starter Assets/Presets/XRI Default Continuous Move.preset
  artifactKey: Guid(27c5945ad36f6f147bc402250679a228) Importer(2089858483,0ecaa5967403d082aa24f35e1b516d23)
Start importing Assets/Samples/XR Interaction Toolkit/3.0.4/Starter Assets/Presets/XRI Default Continuous Move.preset using Guid(27c5945ad36f6f147bc402250679a228) Importer(2089858483,0ecaa5967403d082aa24f35e1b516d23) [PhysX] Initialized MultithreadedTaskDispatcher with 16 workers.
 -> (artifact id: '52fe146b1a7c02b80b3cb18ec92984b0') in 0.016749 seconds
Number of updated asset objects reloaded before import = 0
Number of asset objects unloaded after import = 5
========================================================================
Received Import Request.
  Time since last request: 0.000025 seconds.
  path: Assets/Samples/XR Interaction Toolkit/3.0.4/Starter Assets/Models/UniversalController.fbx
  artifactKey: Guid(147ae308eec018b40a7b312ae58f44c7) Importer(2089858483,0ecaa5967403d082aa24f35e1b516d23)
Start importing Assets/Samples/XR Interaction Toolkit/3.0.4/Starter Assets/Models/UniversalController.fbx using Guid(147ae308eec018b40a7b312ae58f44c7) Importer(2089858483,0ecaa5967403d082aa24f35e1b516d23) [PhysX] Initialized MultithreadedTaskDispatcher with 16 workers.
 -> (artifact id: '409e7822d6aa6e95eb4842a27e669eb0') in 0.048270 seconds
Number of updated asset objects reloaded before import = 0
Number of asset objects unloaded after import = 51
========================================================================
Received Import Request.
  Time since last request: 0.000035 seconds.
  path: Assets/Samples/XR Interaction Toolkit/3.0.4/Starter Assets/Presets/XRI Default Left Controller Input Action Manager.preset
  artifactKey: Guid(c3d4ecc12d5e0f14c93fd734af32ab63) Importer(2089858483,0ecaa5967403d082aa24f35e1b516d23)
Start importing Assets/Samples/XR Interaction Toolkit/3.0.4/Starter Assets/Presets/XRI Default Left Controller Input Action Manager.preset using Guid(c3d4ecc12d5e0f14c93fd734af32ab63) Importer(2089858483,0ecaa5967403d082aa24f35e1b516d23) [PhysX] Initialized MultithreadedTaskDispatcher with 16 workers.
 -> (artifact id: '9851b51612bcaede7aad65d5bcf6a832') in 0.014161 seconds
Number of updated asset objects reloaded before import = 0
Number of asset objects unloaded after import = 9
========================================================================
Received Import Request.
  Time since last request: 0.000039 seconds.
  path: Assets/Samples/XR Interaction Toolkit/3.0.4/Starter Assets/Materials/Controller_White.mat
  artifactKey: Guid(9f12d299d16099343a3c5c0d7285822a) Importer(2089858483,0ecaa5967403d082aa24f35e1b516d23)
Start importing Assets/Samples/XR Interaction Toolkit/3.0.4/Starter Assets/Materials/Controller_White.mat using Guid(9f12d299d16099343a3c5c0d7285822a) Importer(2089858483,0ecaa5967403d082aa24f35e1b516d23) [PhysX] Initialized MultithreadedTaskDispatcher with 16 workers.
 -> (artifact id: 'faba0b65f4e0e5510da942ccb14f340d') in 0.074825 seconds
Number of updated asset objects reloaded before import = 0
Number of asset objects unloaded after import = 2
========================================================================
Received Import Request.
  Time since last request: 0.000026 seconds.
  path: Assets/Samples/XR Interaction Toolkit/3.0.4/Starter Assets/Unity.XR.Interaction.Toolkit.Samples.StarterAssets.asmdef
  artifactKey: Guid(8f07e33567e0ee542b40769c456c6b53) Importer(2089858483,0ecaa5967403d082aa24f35e1b516d23)
Start importing Assets/Samples/XR Interaction Toolkit/3.0.4/Starter Assets/Unity.XR.Interaction.Toolkit.Samples.StarterAssets.asmdef using Guid(8f07e33567e0ee542b40769c456c6b53) Importer(2089858483,0ecaa5967403d082aa24f35e1b516d23) [PhysX] Initialized MultithreadedTaskDispatcher with 16 workers.
 -> (artifact id: '40939adc8be80b9f969eb244680c6377') in 0.009373 seconds
Number of updated asset objects reloaded before import = 0
Number of asset objects unloaded after import = 1
========================================================================
Received Import Request.
  Time since last request: 0.000024 seconds.
  path: Assets/Samples/XR Interaction Toolkit/3.0.4/Starter Assets/Models/Reticle_Torus.fbx
  artifactKey: Guid(be2911572dc3afa448d24b4e97edc5f1) Importer(2089858483,0ecaa5967403d082aa24f35e1b516d23)
Start importing Assets/Samples/XR Interaction Toolkit/3.0.4/Starter Assets/Models/Reticle_Torus.fbx using Guid(be2911572dc3afa448d24b4e97edc5f1) Importer(2089858483,0ecaa5967403d082aa24f35e1b516d23) [PhysX] Initialized MultithreadedTaskDispatcher with 16 workers.
 -> (artifact id: '65c1b6ac8f15e17aba71adcb42f06fc9') in 0.015125 seconds
Number of updated asset objects reloaded before import = 0
Number of asset objects unloaded after import = 7
========================================================================
Received Import Request.
  Time since last request: 0.000039 seconds.
  path: Assets/TextMesh Pro/Shaders/TMP_SDF-Mobile.shader
  artifactKey: Guid(fe393ace9b354375a9cb14cdbbc28be4) Importer(2089858483,0ecaa5967403d082aa24f35e1b516d23)
Start importing Assets/TextMesh Pro/Shaders/TMP_SDF-Mobile.shader using Guid(fe393ace9b354375a9cb14cdbbc28be4) Importer(2089858483,0ecaa5967403d082aa24f35e1b516d23) [PhysX] Initialized MultithreadedTaskDispatcher with 16 workers.
 -> (artifact id: '87bcc9aaa86133d7e3747c1d9c1c719d') in 0.008807 seconds
Number of updated asset objects reloaded before import = 0
Number of asset objects unloaded after import = 1
========================================================================
Received Import Request.
  Time since last request: 0.000031 seconds.
  path: Assets/MobileARTemplateAssets/Scripts/ARTemplateMenuManager.cs
  artifactKey: Guid(f708c04c3dca17f4dbdc065df6a0c397) Importer(2089858483,0ecaa5967403d082aa24f35e1b516d23)
Start importing Assets/MobileARTemplateAssets/Scripts/ARTemplateMenuManager.cs using Guid(f708c04c3dca17f4dbdc065df6a0c397) Importer(2089858483,0ecaa5967403d082aa24f35e1b516d23) [PhysX] Initialized MultithreadedTaskDispatcher with 16 workers.
 -> (artifact id: 'ae87e816369816b925b48b2ead537ecb') in 0.007524 seconds
Number of updated asset objects reloaded before import = 0
Number of asset objects unloaded after import = 1
========================================================================
Received Import Request.
  Time since last request: 0.000027 seconds.
  path: Assets/MobileARTemplateAssets/Materials/ObjectMaterial.mat
  artifactKey: Guid(83eabfe673263a445972586e5d8b56ee) Importer(2089858483,0ecaa5967403d082aa24f35e1b516d23)
Start importing Assets/MobileARTemplateAssets/Materials/ObjectMaterial.mat using Guid(83eabfe673263a445972586e5d8b56ee) Importer(2089858483,0ecaa5967403d082aa24f35e1b516d23) [PhysX] Initialized MultithreadedTaskDispatcher with 16 workers.
 -> (artifact id: 'bf67f590315c28a1b1132966f0c5ae9e') in 0.029133 seconds
Number of updated asset objects reloaded before import = 0
Number of asset objects unloaded after import = 3
========================================================================
Received Import Request.
  Time since last request: 0.000031 seconds.
  path: Assets/Samples/XR Interaction Toolkit/3.0.4/Starter Assets/Scripts/ObjectSpawner.cs
  artifactKey: Guid(956dd6cf70eaca449a45b6a95b96c8c1) Importer(2089858483,0ecaa5967403d082aa24f35e1b516d23)
Start importing Assets/Samples/XR Interaction Toolkit/3.0.4/Starter Assets/Scripts/ObjectSpawner.cs using Guid(956dd6cf70eaca449a45b6a95b96c8c1) Importer(2089858483,0ecaa5967403d082aa24f35e1b516d23) [PhysX] Initialized MultithreadedTaskDispatcher with 16 workers.
 -> (artifact id: '2652fc2bc4ab3d1221d942c4cdd3c597') in 0.008299 seconds
Number of updated asset objects reloaded before import = 0
Number of asset objects unloaded after import = 1
========================================================================
Received Import Request.
  Time since last request: 0.000172 seconds.
  path: Assets/Samples/XR Interaction Toolkit/3.0.4/Starter Assets/Scripts/GazeInputManager.cs
  artifactKey: Guid(6ef0e4723b64c884699a375196c13ac0) Importer(2089858483,0ecaa5967403d082aa24f35e1b516d23)
Start importing Assets/Samples/XR Interaction Toolkit/3.0.4/Starter Assets/Scripts/GazeInputManager.cs using Guid(6ef0e4723b64c884699a375196c13ac0) Importer(2089858483,0ecaa5967403d082aa24f35e1b516d23) [PhysX] Initialized MultithreadedTaskDispatcher with 16 workers.
 -> (artifact id: '3556c0131fd203bdf93fe059a7c147b8') in 0.007953 seconds
Number of updated asset objects reloaded before import = 0
Number of asset objects unloaded after import = 1
========================================================================
Received Import Request.
  Time since last request: 0.000030 seconds.
  path: Assets/Samples/XR Interaction Toolkit/3.0.4/Starter Assets/Scripts/ClimbTeleportDestinationIndicator.cs
  artifactKey: Guid(e766f86cb7d2461683eb37d8a971fb14) Importer(2089858483,0ecaa5967403d082aa24f35e1b516d23)
Start importing Assets/Samples/XR Interaction Toolkit/3.0.4/Starter Assets/Scripts/ClimbTeleportDestinationIndicator.cs using Guid(e766f86cb7d2461683eb37d8a971fb14) Importer(2089858483,0ecaa5967403d082aa24f35e1b516d23) [PhysX] Initialized MultithreadedTaskDispatcher with 16 workers.
 -> (artifact id: '80c10e00bec3388357eb9007cd7d4329') in 0.008712 seconds
Number of updated asset objects reloaded before import = 0
Number of asset objects unloaded after import = 1
========================================================================
Received Import Request.
  Time since last request: 0.000029 seconds.
  path: Assets/Samples/XR Interaction Toolkit/3.0.4/Starter Assets/Presets/XRI Default Right Grab Move.preset
  artifactKey: Guid(fdc4f514b7b1e9c4eb39713ad9dd4eba) Importer(2089858483,0ecaa5967403d082aa24f35e1b516d23)
Start importing Assets/Samples/XR Interaction Toolkit/3.0.4/Starter Assets/Presets/XRI Default Right Grab Move.preset using Guid(fdc4f514b7b1e9c4eb39713ad9dd4eba) Importer(2089858483,0ecaa5967403d082aa24f35e1b516d23) [PhysX] Initialized MultithreadedTaskDispatcher with 16 workers.
 -> (artifact id: '4bd0e009833bc9bdc200a6a7c7243ba4') in 0.014537 seconds
Number of updated asset objects reloaded before import = 0
Number of asset objects unloaded after import = 4
========================================================================
Received Import Request.
  Time since last request: 0.000029 seconds.
  path: Assets/Samples/XR Interaction Toolkit/3.0.4/Starter Assets/Shaders/Interactable.shadergraph
  artifactKey: Guid(0927d29e476ce5843b1f7d2a96943c51) Importer(2089858483,0ecaa5967403d082aa24f35e1b516d23)
Start importing Assets/Samples/XR Interaction Toolkit/3.0.4/Starter Assets/Shaders/Interactable.shadergraph using Guid(0927d29e476ce5843b1f7d2a96943c51) Importer(2089858483,0ecaa5967403d082aa24f35e1b516d23) [PhysX] Initialized MultithreadedTaskDispatcher with 16 workers.
 -> (artifact id: 'd7b0aff0615673199238df867811d827') in 0.284488 seconds
Number of updated asset objects reloaded before import = 0
Number of asset objects unloaded after import = 3
========================================================================
Received Import Request.
  Time since last request: 0.000027 seconds.
  path: Assets/Samples/XR Interaction Toolkit/3.0.4/Starter Assets/Presets/XRI Default XR UI Input Module.preset
  artifactKey: Guid(2c3e7ff9ab352b74da862a5a8779b276) Importer(2089858483,0ecaa5967403d082aa24f35e1b516d23)
Start importing Assets/Samples/XR Interaction Toolkit/3.0.4/Starter Assets/Presets/XRI Default XR UI Input Module.preset using Guid(2c3e7ff9ab352b74da862a5a8779b276) Importer(2089858483,0ecaa5967403d082aa24f35e1b516d23) [PhysX] Initialized MultithreadedTaskDispatcher with 16 workers.
 -> (artifact id: '29f9cd0f96a0736cf58d80489bb085d3') in 0.043592 seconds
Number of updated asset objects reloaded before import = 0
Number of asset objects unloaded after import = 11
========================================================================
Received Import Request.
  Time since last request: 0.000037 seconds.
  path: Assets/MobileARTemplateAssets/UI/Sprites/Icon-Gesture_Touch.png
  artifactKey: Guid(4e11f0aa199634c06a9b17d25af9ded6) Importer(2089858483,0ecaa5967403d082aa24f35e1b516d23)
Start importing Assets/MobileARTemplateAssets/UI/Sprites/Icon-Gesture_Touch.png using Guid(4e11f0aa199634c06a9b17d25af9ded6) Importer(2089858483,0ecaa5967403d082aa24f35e1b516d23) [PhysX] Initialized MultithreadedTaskDispatcher with 16 workers.
 -> (artifact id: 'dcc821a6e65013d99f8d90b47be95373') in 0.018348 seconds
Number of updated asset objects reloaded before import = 0
Number of asset objects unloaded after import = 3
========================================================================
Received Import Request.
  Time since last request: 0.000028 seconds.
  path: Assets/XR/Settings/MagicLeapSettings.asset
  artifactKey: Guid(0b53a025a635a4393ba0b49822242280) Importer(2089858483,0ecaa5967403d082aa24f35e1b516d23)
Start importing Assets/XR/Settings/MagicLeapSettings.asset using Guid(0b53a025a635a4393ba0b49822242280) Importer(2089858483,0ecaa5967403d082aa24f35e1b516d23) [PhysX] Initialized MultithreadedTaskDispatcher with 16 workers.
 -> (artifact id: '16e6728a9848128a9f154b5c2b126b7d') in 0.007762 seconds
Number of updated asset objects reloaded before import = 0
Number of asset objects unloaded after import = 1
========================================================================
Received Import Request.
  Time since last request: 0.000053 seconds.
  path: Assets/TextMesh Pro/Shaders/TMP_SDF-Mobile SSD.shader
  artifactKey: Guid(c8d12adcee749c344b8117cf7c7eb912) Importer(2089858483,0ecaa5967403d082aa24f35e1b516d23)
Start importing Assets/TextMesh Pro/Shaders/TMP_SDF-Mobile SSD.shader using Guid(c8d12adcee749c344b8117cf7c7eb912) Importer(2089858483,0ecaa5967403d082aa24f35e1b516d23) [PhysX] Initialized MultithreadedTaskDispatcher with 16 workers.
 -> (artifact id: 'ef5a2c1fc67d5142c07c2c0b6b4b0c7b') in 0.009289 seconds
Number of updated asset objects reloaded before import = 0
Number of asset objects unloaded after import = 1
========================================================================
Received Import Request.
  Time since last request: 0.000032 seconds.
  path: Assets/Samples/EasyAR Sense Unity Plugin/4.6.5+3052.b2f1b028/__All Handheld AR__/AllSamplesLauncher/Scripts/SceneRecorder.cs
  artifactKey: Guid(2391dde451e50c948a888e8440202108) Importer(2089858483,0ecaa5967403d082aa24f35e1b516d23)
Start importing Assets/Samples/EasyAR Sense Unity Plugin/4.6.5+3052.b2f1b028/__All Handheld AR__/AllSamplesLauncher/Scripts/SceneRecorder.cs using Guid(2391dde451e50c948a888e8440202108) Importer(2089858483,0ecaa5967403d082aa24f35e1b516d23) [PhysX] Initialized MultithreadedTaskDispatcher with 16 workers.
 -> (artifact id: '87967d4596b37f5be832f3265ddfbf84') in 0.006873 seconds
Number of updated asset objects reloaded before import = 0
Number of asset objects unloaded after import = 1
========================================================================
Received Import Request.
  Time since last request: 0.000033 seconds.
  path: Assets/Samples/XR Interaction Toolkit/3.0.4/Starter Assets/Tunneling Vignette/TunnelingVignetteSG.shadergraph
  artifactKey: Guid(c109fab5d2bf5f64598ed69d2c16ceb3) Importer(2089858483,0ecaa5967403d082aa24f35e1b516d23)
Start importing Assets/Samples/XR Interaction Toolkit/3.0.4/Starter Assets/Tunneling Vignette/TunnelingVignetteSG.shadergraph using Guid(c109fab5d2bf5f64598ed69d2c16ceb3) Importer(2089858483,0ecaa5967403d082aa24f35e1b516d23) [PhysX] Initialized MultithreadedTaskDispatcher with 16 workers.
 -> (artifact id: '64cff2ea065d3c14103def01cdcf838c') in 0.010124 seconds
Number of updated asset objects reloaded before import = 0
Number of asset objects unloaded after import = 3
========================================================================
Received Import Request.
  Time since last request: 0.000022 seconds.
  path: Assets/Samples/XR Interaction Toolkit/3.0.4/AR Starter Assets/ARDemoSceneAssets/Materials/InteractableMat.mat
  artifactKey: Guid(405529b091e884f32ad1cdb05c634ebe) Importer(2089858483,0ecaa5967403d082aa24f35e1b516d23)
Start importing Assets/Samples/XR Interaction Toolkit/3.0.4/AR Starter Assets/ARDemoSceneAssets/Materials/InteractableMat.mat using Guid(405529b091e884f32ad1cdb05c634ebe) Importer(2089858483,0ecaa5967403d082aa24f35e1b516d23) [PhysX] Initialized MultithreadedTaskDispatcher with 16 workers.
 -> (artifact id: '2d5421d75ed03ecd931f67fba335e74c') in 0.022503 seconds
Number of updated asset objects reloaded before import = 0
Number of asset objects unloaded after import = 2
========================================================================
Received Import Request.
  Time since last request: 0.000035 seconds.
  path: Assets/Samples/XR Interaction Toolkit/3.0.4/AR Starter Assets/ARDemoSceneAssets/Models/Primitive_Cube_Debug.fbx
  artifactKey: Guid(f396e3429a4864fc2ad497cb3ce5fe2c) Importer(2089858483,0ecaa5967403d082aa24f35e1b516d23)
Start importing Assets/Samples/XR Interaction Toolkit/3.0.4/AR Starter Assets/ARDemoSceneAssets/Models/Primitive_Cube_Debug.fbx using Guid(f396e3429a4864fc2ad497cb3ce5fe2c) Importer(2089858483,0ecaa5967403d082aa24f35e1b516d23) [PhysX] Initialized MultithreadedTaskDispatcher with 16 workers.
 -> (artifact id: '43488beffcc180bf4697cda8f0f4f244') in 0.046274 seconds
Number of updated asset objects reloaded before import = 0
Number of asset objects unloaded after import = 25
========================================================================
Received Import Request.
  Time since last request: 0.000031 seconds.
  path: Assets/Samples/XR Interaction Toolkit/3.0.4/AR Starter Assets/ARDemoSceneAssets/Animation/ObjectMenu.controller
  artifactKey: Guid(ae6550a74e362409db131b3a4372b4cb) Importer(2089858483,0ecaa5967403d082aa24f35e1b516d23)
Start importing Assets/Samples/XR Interaction Toolkit/3.0.4/AR Starter Assets/ARDemoSceneAssets/Animation/ObjectMenu.controller using Guid(ae6550a74e362409db131b3a4372b4cb) Importer(2089858483,0ecaa5967403d082aa24f35e1b516d23) [PhysX] Initialized MultithreadedTaskDispatcher with 16 workers.
 -> (artifact id: '1fe442f9bc49a9b9f3eb082bb2302bb9') in 0.009719 seconds
Number of updated asset objects reloaded before import = 0
Number of asset objects unloaded after import = 7
========================================================================
Received Import Request.
  Time since last request: 0.000035 seconds.
  path: Assets/Samples/XR Interaction Toolkit/3.0.4/Starter Assets/Tunneling Vignette/TunnelingVignette.prefab
  artifactKey: Guid(6c8af5c8012f01440af6cb2bc3eb987c) Importer(2089858483,0ecaa5967403d082aa24f35e1b516d23)
Start importing Assets/Samples/XR Interaction Toolkit/3.0.4/Starter Assets/Tunneling Vignette/TunnelingVignette.prefab using Guid(6c8af5c8012f01440af6cb2bc3eb987c) Importer(2089858483,0ecaa5967403d082aa24f35e1b516d23) [PhysX] Initialized MultithreadedTaskDispatcher with 16 workers.
 -> (artifact id: '627d541ead3e1c9668f01d3f5382bd25') in 0.019591 seconds
Number of updated asset objects reloaded before import = 0
Number of asset objects unloaded after import = 9
========================================================================
Received Import Request.
  Time since last request: 0.000023 seconds.
  path: Assets/Samples/XR Interaction Toolkit/3.0.4/AR Starter Assets/ARDemoSceneAssets/Animation/MenuHide.anim
  artifactKey: Guid(a849d36c09e49445db8756e10ac2dbe7) Importer(2089858483,0ecaa5967403d082aa24f35e1b516d23)
Start importing Assets/Samples/XR Interaction Toolkit/3.0.4/AR Starter Assets/ARDemoSceneAssets/Animation/MenuHide.anim using Guid(a849d36c09e49445db8756e10ac2dbe7) Importer(2089858483,0ecaa5967403d082aa24f35e1b516d23) [PhysX] Initialized MultithreadedTaskDispatcher with 16 workers.
 -> (artifact id: '5f72c658f6fa88e0a5c9c9f25cf2d6fe') in 0.010235 seconds
Number of updated asset objects reloaded before import = 0
Number of asset objects unloaded after import = 1
========================================================================
Received Import Request.
  Time since last request: 0.000027 seconds.
  path: Assets/Samples/EasyAR Sense Unity Plugin/4.6.5+3052.b2f1b028/__All Handheld AR__/AllSamplesLauncher/Scenes/AllSamplesLauncher.unity
  artifactKey: Guid(0bd1c9be3d4ef114c83f109b09b30548) Importer(2089858483,0ecaa5967403d082aa24f35e1b516d23)
Start importing Assets/Samples/EasyAR Sense Unity Plugin/4.6.5+3052.b2f1b028/__All Handheld AR__/AllSamplesLauncher/Scenes/AllSamplesLauncher.unity using Guid(0bd1c9be3d4ef114c83f109b09b30548) Importer(2089858483,0ecaa5967403d082aa24f35e1b516d23) [PhysX] Initialized MultithreadedTaskDispatcher with 16 workers.
 -> (artifact id: 'f97915c9784d52e762c3757198122214') in 0.006989 seconds
Number of updated asset objects reloaded before import = 0
Number of asset objects unloaded after import = 1
========================================================================
Received Import Request.
  Time since last request: 0.000029 seconds.
  path: Assets/Samples/XR Interaction Toolkit/3.0.4/AR Starter Assets/ARDemoSceneAssets/AffordanceThemes/ColorAffordanceTheme.asset
  artifactKey: Guid(d5504b88946c14d2b877dca02a8aecfc) Importer(2089858483,0ecaa5967403d082aa24f35e1b516d23)
Start importing Assets/Samples/XR Interaction Toolkit/3.0.4/AR Starter Assets/ARDemoSceneAssets/AffordanceThemes/ColorAffordanceTheme.asset using Guid(d5504b88946c14d2b877dca02a8aecfc) Importer(2089858483,0ecaa5967403d082aa24f35e1b516d23) [PhysX] Initialized MultithreadedTaskDispatcher with 16 workers.
 -> (artifact id: 'd159821af9ecd4b8ecee499761053b75') in 0.011415 seconds
Number of updated asset objects reloaded before import = 0
Number of asset objects unloaded after import = 1
========================================================================
Received Import Request.
  Time since last request: 0.000031 seconds.
  path: Assets/Samples/XR Interaction Toolkit/3.0.4/Starter Assets/Tunneling Vignette/TunnelingVignetteHemisphere.fbx
  artifactKey: Guid(5833e680dc0f7ae47aec6b4286570484) Importer(2089858483,0ecaa5967403d082aa24f35e1b516d23)
Start importing Assets/Samples/XR Interaction Toolkit/3.0.4/Starter Assets/Tunneling Vignette/TunnelingVignetteHemisphere.fbx using Guid(5833e680dc0f7ae47aec6b4286570484) Importer(2089858483,0ecaa5967403d082aa24f35e1b516d23) [PhysX] Initialized MultithreadedTaskDispatcher with 16 workers.
 -> (artifact id: '3138fae29d68891f961e0065fc281a3d') in 0.015376 seconds
Number of updated asset objects reloaded before import = 0
Number of asset objects unloaded after import = 7
========================================================================
Received Import Request.
  Time since last request: 0.000044 seconds.
  path: Assets/Samples/EasyAR Sense Unity Plugin/4.6.5+3052.b2f1b028/__All Handheld AR__/AllSamplesLauncher/Scripts/MainScene.cs
  artifactKey: Guid(583b62c5dde65b1488f3239f4edcb0ee) Importer(2089858483,0ecaa5967403d082aa24f35e1b516d23)
Start importing Assets/Samples/EasyAR Sense Unity Plugin/4.6.5+3052.b2f1b028/__All Handheld AR__/AllSamplesLauncher/Scripts/MainScene.cs using Guid(583b62c5dde65b1488f3239f4edcb0ee) Importer(2089858483,0ecaa5967403d082aa24f35e1b516d23) [PhysX] Initialized MultithreadedTaskDispatcher with 16 workers.
 -> (artifact id: '398bf67072e824e1035f0843aff0b081') in 0.008030 seconds
Number of updated asset objects reloaded before import = 0
Number of asset objects unloaded after import = 1
========================================================================
Received Import Request.
  Time since last request: 0.000022 seconds.
  path: Assets/TextMesh Pro/Resources/TMP Settings.asset
  artifactKey: Guid(3f5b5dff67a942289a9defa416b206f3) Importer(2089858483,0ecaa5967403d082aa24f35e1b516d23)
Start importing Assets/TextMesh Pro/Resources/TMP Settings.asset using Guid(3f5b5dff67a942289a9defa416b206f3) Importer(2089858483,0ecaa5967403d082aa24f35e1b516d23) [PhysX] Initialized MultithreadedTaskDispatcher with 16 workers.
 -> (artifact id: 'f199cd1eac8f5c5a4f4aebabe1bebce7') in 0.045462 seconds
Number of updated asset objects reloaded before import = 0
Number of asset objects unloaded after import = 15
========================================================================
Received Import Request.
  Time since last request: 0.000036 seconds.
  path: Assets/Samples/XR Interaction Toolkit/3.0.4/Starter Assets/Presets/XRI Default Right Controller Input Action Manager.preset
  artifactKey: Guid(55f7614a1d331d14bb631965514937d8) Importer(2089858483,0ecaa5967403d082aa24f35e1b516d23)
Start importing Assets/Samples/XR Interaction Toolkit/3.0.4/Starter Assets/Presets/XRI Default Right Controller Input Action Manager.preset using Guid(55f7614a1d331d14bb631965514937d8) Importer(2089858483,0ecaa5967403d082aa24f35e1b516d23) [PhysX] Initialized MultithreadedTaskDispatcher with 16 workers.
 -> (artifact id: 'b40f209b286063978e2482f509ed7219') in 0.012039 seconds
Number of updated asset objects reloaded before import = 0
Number of asset objects unloaded after import = 8
========================================================================
Received Import Request.
  Time since last request: 0.000033 seconds.
  path: Assets/TextMesh Pro/Resources/LineBreaking Following Characters.txt
  artifactKey: Guid(fade42e8bc714b018fac513c043d323b) Importer(2089858483,0ecaa5967403d082aa24f35e1b516d23)
Start importing Assets/TextMesh Pro/Resources/LineBreaking Following Characters.txt using Guid(fade42e8bc714b018fac513c043d323b) Importer(2089858483,0ecaa5967403d082aa24f35e1b516d23) [PhysX] Initialized MultithreadedTaskDispatcher with 16 workers.
 -> (artifact id: '516e0493b4f848ec134399e0d66cbf9c') in 0.027259 seconds
Number of updated asset objects reloaded before import = 0
Number of asset objects unloaded after import = 1
========================================================================
Received Import Request.
  Time since last request: 0.000026 seconds.
  path: Assets/MobileARTemplateAssets/UI/Sprites/Icon-Cube_Highlight.png
  artifactKey: Guid(ba5e14967a5324109b9fdd05b48fd05d) Importer(2089858483,0ecaa5967403d082aa24f35e1b516d23)
Start importing Assets/MobileARTemplateAssets/UI/Sprites/Icon-Cube_Highlight.png using Guid(ba5e14967a5324109b9fdd05b48fd05d) Importer(2089858483,0ecaa5967403d082aa24f35e1b516d23) [PhysX] Initialized MultithreadedTaskDispatcher with 16 workers.
 -> (artifact id: 'b6248eb2c633e7793c100f8e0a555755') in 0.019221 seconds
Number of updated asset objects reloaded before import = 0
Number of asset objects unloaded after import = 3
========================================================================
Received Import Request.
  Time since last request: 0.000032 seconds.
  path: Assets/Samples/XR Interaction Toolkit/3.0.4/Starter Assets/AffordanceThemes/ControllerPokeSphereScaleTheme.asset
  artifactKey: Guid(fd784a23f6ef7774a8998adf6e979d04) Importer(2089858483,0ecaa5967403d082aa24f35e1b516d23)
Start importing Assets/Samples/XR Interaction Toolkit/3.0.4/Starter Assets/AffordanceThemes/ControllerPokeSphereScaleTheme.asset using Guid(fd784a23f6ef7774a8998adf6e979d04) Importer(2089858483,0ecaa5967403d082aa24f35e1b516d23) [PhysX] Initialized MultithreadedTaskDispatcher with 16 workers.
 -> (artifact id: 'c0f6661b48ad3d256cf1943010c535a6') in 0.011644 seconds
Number of updated asset objects reloaded before import = 0
Number of asset objects unloaded after import = 1
========================================================================
Received Import Request.
  Time since last request: 0.000027 seconds.
  path: Assets/Samples/XR Interaction Toolkit/3.0.4/Starter Assets/Materials/Telport Area.mat
  artifactKey: Guid(be1e10ce8a6f8cc4fb08d11c7f722469) Importer(2089858483,0ecaa5967403d082aa24f35e1b516d23)
Start importing Assets/Samples/XR Interaction Toolkit/3.0.4/Starter Assets/Materials/Telport Area.mat using Guid(be1e10ce8a6f8cc4fb08d11c7f722469) Importer(2089858483,0ecaa5967403d082aa24f35e1b516d23) [PhysX] Initialized MultithreadedTaskDispatcher with 16 workers.
 -> (artifact id: '4f3ed4b0aca004ec0707bd6ee6a25870') in 0.010048 seconds
Number of updated asset objects reloaded before import = 0
Number of asset objects unloaded after import = 1
========================================================================
Received Import Request.
  Time since last request: 0.000024 seconds.
  path: Assets/Samples/XR Interaction Toolkit/3.0.4/AR Starter Assets/ARDemoSceneAssets/Sprites/Button - Rounded Square BG.png
  artifactKey: Guid(46da8634de2114354be217373280f00a) Importer(2089858483,0ecaa5967403d082aa24f35e1b516d23)
Start importing Assets/Samples/XR Interaction Toolkit/3.0.4/AR Starter Assets/ARDemoSceneAssets/Sprites/Button - Rounded Square BG.png using Guid(46da8634de2114354be217373280f00a) Importer(2089858483,0ecaa5967403d082aa24f35e1b516d23) [PhysX] Initialized MultithreadedTaskDispatcher with 16 workers.
 -> (artifact id: '707c52023006cc1bf1447f65e2d46f28') in 0.017757 seconds
Number of updated asset objects reloaded before import = 0
Number of asset objects unloaded after import = 3
========================================================================
Received Import Request.
  Time since last request: 0.000063 seconds.
  path: Assets/Samples/XR Interaction Toolkit/3.0.4/AR Starter Assets/ARDemoSceneAssets/Scripts/ARSampleMenuManager.cs
  artifactKey: Guid(e06e5c0df3a5b4f53b5d4250256f14d1) Importer(2089858483,0ecaa5967403d082aa24f35e1b516d23)
Start importing Assets/Samples/XR Interaction Toolkit/3.0.4/AR Starter Assets/ARDemoSceneAssets/Scripts/ARSampleMenuManager.cs using Guid(e06e5c0df3a5b4f53b5d4250256f14d1) Importer(2089858483,0ecaa5967403d082aa24f35e1b516d23) [PhysX] Initialized MultithreadedTaskDispatcher with 16 workers.
 -> (artifact id: '2dd6a0f3a3d7c85c5e171fbb203e5d57') in 0.007346 seconds
Number of updated asset objects reloaded before import = 0
Number of asset objects unloaded after import = 1
========================================================================
Received Import Request.
  Time since last request: 0.000050 seconds.
  path: Assets/Samples/XR Interaction Toolkit/3.0.4/AR Starter Assets/ARDemoSceneAssets/Sprites/Button - Rounded Radius - 4px.png
  artifactKey: Guid(df3b17ab68da00343a77bebb0c295407) Importer(2089858483,0ecaa5967403d082aa24f35e1b516d23)
Start importing Assets/Samples/XR Interaction Toolkit/3.0.4/AR Starter Assets/ARDemoSceneAssets/Sprites/Button - Rounded Radius - 4px.png using Guid(df3b17ab68da00343a77bebb0c295407) Importer(2089858483,0ecaa5967403d082aa24f35e1b516d23) [PhysX] Initialized MultithreadedTaskDispatcher with 16 workers.
 -> (artifact id: '1f5ef863a49d0ff37a0601ff2099552a') in 0.018693 seconds
Number of updated asset objects reloaded before import = 0
Number of asset objects unloaded after import = 3
========================================================================
Received Import Request.
  Time since last request: 0.000029 seconds.
  path: Assets/Samples/XR Interaction Toolkit/3.0.4/AR Starter Assets/ARDemoSceneAssets/Models/Primitive_Torus.fbx
  artifactKey: Guid(a100fee70bb8248c49f00bd953b097c2) Importer(2089858483,0ecaa5967403d082aa24f35e1b516d23)
Start importing Assets/Samples/XR Interaction Toolkit/3.0.4/AR Starter Assets/ARDemoSceneAssets/Models/Primitive_Torus.fbx using Guid(a100fee70bb8248c49f00bd953b097c2) Importer(2089858483,0ecaa5967403d082aa24f35e1b516d23) [PhysX] Initialized MultithreadedTaskDispatcher with 16 workers.
 -> (artifact id: '527f61579fe60775a6b05e48109c2951') in 0.014085 seconds
Number of updated asset objects reloaded before import = 0
Number of asset objects unloaded after import = 7
========================================================================
Received Import Request.
  Time since last request: 0.000044 seconds.
  path: Assets/Samples/XR Interaction Toolkit/3.0.4/AR Starter Assets/ARDemoSceneAssets/Sprites/Icon - Delete.png
  artifactKey: Guid(85f8bee1bf27748239fb5488c40a5e4c) Importer(2089858483,0ecaa5967403d082aa24f35e1b516d23)
Start importing Assets/Samples/XR Interaction Toolkit/3.0.4/AR Starter Assets/ARDemoSceneAssets/Sprites/Icon - Delete.png using Guid(85f8bee1bf27748239fb5488c40a5e4c) Importer(2089858483,0ecaa5967403d082aa24f35e1b516d23) [PhysX] Initialized MultithreadedTaskDispatcher with 16 workers.
 -> (artifact id: '40331090255e6dc5c4dea888b0e7d177') in 0.035148 seconds
Number of updated asset objects reloaded before import = 0
Number of asset objects unloaded after import = 3
========================================================================
Received Import Request.
  Time since last request: 0.000032 seconds.
  path: Assets/Samples/XR Interaction Toolkit/3.0.4/AR Starter Assets/ARDemoSceneAssets/Prefabs/Wedge.prefab
  artifactKey: Guid(51f8c8c1205824bcf8fec9805e0312a3) Importer(2089858483,0ecaa5967403d082aa24f35e1b516d23)
Start importing Assets/Samples/XR Interaction Toolkit/3.0.4/AR Starter Assets/ARDemoSceneAssets/Prefabs/Wedge.prefab using Guid(51f8c8c1205824bcf8fec9805e0312a3) Importer(2089858483,0ecaa5967403d082aa24f35e1b516d23) [PhysX] Initialized MultithreadedTaskDispatcher with 16 workers.
 -> (artifact id: '607957333b1e1cb6421ee0dfcf8d9387') in 0.022315 seconds
Number of updated asset objects reloaded before import = 0
Number of asset objects unloaded after import = 23
========================================================================
Received Import Request.
  Time since last request: 0.000027 seconds.
  path: Assets/Samples/XR Interaction Toolkit/3.0.4/AR Starter Assets/ARDemoSceneAssets/Prefabs/Cylinder.prefab
  artifactKey: Guid(894d54703eb1549009ad9f909fc154d7) Importer(2089858483,0ecaa5967403d082aa24f35e1b516d23)
Start importing Assets/Samples/XR Interaction Toolkit/3.0.4/AR Starter Assets/ARDemoSceneAssets/Prefabs/Cylinder.prefab using Guid(894d54703eb1549009ad9f909fc154d7) Importer(2089858483,0ecaa5967403d082aa24f35e1b516d23) [PhysX] Initialized MultithreadedTaskDispatcher with 16 workers.
 -> (artifact id: '70f784d6f19b287424224a4088965c04') in 0.023185 seconds
Number of updated asset objects reloaded before import = 0
Number of asset objects unloaded after import = 23
========================================================================
Received Import Request.
  Time since last request: 0.000022 seconds.
  path: Assets/Samples/XR Interaction Toolkit/3.0.4/AR Starter Assets/ARDemoSceneAssets/Prefabs/Pyramid.prefab
  artifactKey: Guid(5642b79498b10465fa9219ba4682355b) Importer(2089858483,0ecaa5967403d082aa24f35e1b516d23)
Start importing Assets/Samples/XR Interaction Toolkit/3.0.4/AR Starter Assets/ARDemoSceneAssets/Prefabs/Pyramid.prefab using Guid(5642b79498b10465fa9219ba4682355b) Importer(2089858483,0ecaa5967403d082aa24f35e1b516d23) [PhysX] Initialized MultithreadedTaskDispatcher with 16 workers.
 -> (artifact id: '56131406c73d8fec979f40300f19b1cb') in 0.045035 seconds
Number of updated asset objects reloaded before import = 0
Number of asset objects unloaded after import = 23
========================================================================
Received Import Request.
  Time since last request: 0.000028 seconds.
  path: Assets/Samples/XR Interaction Toolkit/3.0.4/AR Starter Assets/ARDemoSceneAssets/Sprites/Icon - Object - Torus.png
  artifactKey: Guid(cc39c192440c8432582befdd623cb4db) Importer(2089858483,0ecaa5967403d082aa24f35e1b516d23)
Start importing Assets/Samples/XR Interaction Toolkit/3.0.4/AR Starter Assets/ARDemoSceneAssets/Sprites/Icon - Object - Torus.png using Guid(cc39c192440c8432582befdd623cb4db) Importer(2089858483,0ecaa5967403d082aa24f35e1b516d23) [PhysX] Initialized MultithreadedTaskDispatcher with 16 workers.
 -> (artifact id: 'ca99b0be8d562ab9d2da833d1089cb72') in 0.021187 seconds
Number of updated asset objects reloaded before import = 0
Number of asset objects unloaded after import = 3
========================================================================
Received Import Request.
  Time since last request: 0.000029 seconds.
  path: Assets/MobileARTemplateAssets/UI/Sprites/Icon-Gesture_TouchHold.png
  artifactKey: Guid(a61ed193c40b9419a9b1e338fcd54b7d) Importer(2089858483,0ecaa5967403d082aa24f35e1b516d23)
Start importing Assets/MobileARTemplateAssets/UI/Sprites/Icon-Gesture_TouchHold.png using Guid(a61ed193c40b9419a9b1e338fcd54b7d) Importer(2089858483,0ecaa5967403d082aa24f35e1b516d23) [PhysX] Initialized MultithreadedTaskDispatcher with 16 workers.
 -> (artifact id: 'f42701f257dbe7d25cc0d49d61e8073c') in 0.018532 seconds
Number of updated asset objects reloaded before import = 0
Number of asset objects unloaded after import = 3
========================================================================
Received Import Request.
  Time since last request: 0.000036 seconds.
  path: Assets/MobileARTemplateAssets/UI/Sprites/MixedCorners_1.png
  artifactKey: Guid(dbf11d919ae484544b627c4b07dcf6b4) Importer(2089858483,0ecaa5967403d082aa24f35e1b516d23)
Start importing Assets/MobileARTemplateAssets/UI/Sprites/MixedCorners_1.png using Guid(dbf11d919ae484544b627c4b07dcf6b4) Importer(2089858483,0ecaa5967403d082aa24f35e1b516d23) [PhysX] Initialized MultithreadedTaskDispatcher with 16 workers.
 -> (artifact id: '018fa3e63dd5ae4847fac06b0a6cee4a') in 0.018557 seconds
Number of updated asset objects reloaded before import = 0
Number of asset objects unloaded after import = 3
========================================================================
Received Import Request.
  Time since last request: 0.000039 seconds.
  path: Assets/TextMesh Pro/Resources/Fonts & Materials/LiberationSans SDF - Fallback.asset
  artifactKey: Guid(2e498d1c8094910479dc3e1b768306a4) Importer(2089858483,0ecaa5967403d082aa24f35e1b516d23)
Start importing Assets/TextMesh Pro/Resources/Fonts & Materials/LiberationSans SDF - Fallback.asset using Guid(2e498d1c8094910479dc3e1b768306a4) Importer(2089858483,0ecaa5967403d082aa24f35e1b516d23) [PhysX] Initialized MultithreadedTaskDispatcher with 16 workers.
 -> (artifact id: 'e3d69c976a85c5a823b2a9cee55a447b') in 0.023396 seconds
Number of updated asset objects reloaded before import = 0
Number of asset objects unloaded after import = 5
========================================================================
Received Import Request.
  Time since last request: 0.000026 seconds.
  path: Assets/MobileARTemplateAssets/Prefabs/CylinderVariant.prefab
  artifactKey: Guid(daca7e1cd0a975941a64a8a9cbd8e5e5) Importer(2089858483,0ecaa5967403d082aa24f35e1b516d23)
Start importing Assets/MobileARTemplateAssets/Prefabs/CylinderVariant.prefab using Guid(daca7e1cd0a975941a64a8a9cbd8e5e5) Importer(2089858483,0ecaa5967403d082aa24f35e1b516d23) [PhysX] Initialized MultithreadedTaskDispatcher with 16 workers.
 -> (artifact id: '58d07125f4cec4935491eaff7d95fa41') in 0.041249 seconds
Number of updated asset objects reloaded before import = 0
Number of asset objects unloaded after import = 45
========================================================================
Received Import Request.
  Time since last request: 0.000023 seconds.
  path: Assets/TextMesh Pro/Resources/Style Sheets/Default Style Sheet.asset
  artifactKey: Guid(f952c082cb03451daed3ee968ac6c63e) Importer(2089858483,0ecaa5967403d082aa24f35e1b516d23)
Start importing Assets/TextMesh Pro/Resources/Style Sheets/Default Style Sheet.asset using Guid(f952c082cb03451daed3ee968ac6c63e) Importer(2089858483,0ecaa5967403d082aa24f35e1b516d23) [PhysX] Initialized MultithreadedTaskDispatcher with 16 workers.
 -> (artifact id: 'dd5a1f0cec947e11130f44e48eaddf32') in 0.009906 seconds
Number of updated asset objects reloaded before import = 0
Number of asset objects unloaded after import = 1
========================================================================
Received Import Request.
  Time since last request: 0.000025 seconds.
  path: Assets/MobileARTemplateAssets/UI/Sprites/Icon-Gesture_PinchClose.png
  artifactKey: Guid(47884281ad09647bab3fde795dfa2032) Importer(2089858483,0ecaa5967403d082aa24f35e1b516d23)
Start importing Assets/MobileARTemplateAssets/UI/Sprites/Icon-Gesture_PinchClose.png using Guid(47884281ad09647bab3fde795dfa2032) Importer(2089858483,0ecaa5967403d082aa24f35e1b516d23) [PhysX] Initialized MultithreadedTaskDispatcher with 16 workers.
 -> (artifact id: '4f1e6188405248d6bb51192cc822aa9f') in 0.015269 seconds
Number of updated asset objects reloaded before import = 0
Number of asset objects unloaded after import = 3
========================================================================
Received Import Request.
  Time since last request: 0.000022 seconds.
  path: Assets/Samples/XR Interaction Toolkit/3.0.4/Starter Assets/DemoSceneAssets/AffordanceThemes/InteractionColorAffordanceTheme.asset
  artifactKey: Guid(3ec238cb3e80e274c844d7b56f585392) Importer(2089858483,0ecaa5967403d082aa24f35e1b516d23)
Start importing Assets/Samples/XR Interaction Toolkit/3.0.4/Starter Assets/DemoSceneAssets/AffordanceThemes/InteractionColorAffordanceTheme.asset using Guid(3ec238cb3e80e274c844d7b56f585392) Importer(2089858483,0ecaa5967403d082aa24f35e1b516d23) [PhysX] Initialized MultithreadedTaskDispatcher with 16 workers.
 -> (artifact id: 'fede1fa996b88ba63db7878a93b0ea31') in 0.010215 seconds
Number of updated asset objects reloaded before import = 0
Number of asset objects unloaded after import = 1
========================================================================
Received Import Request.
  Time since last request: 0.000023 seconds.
  path: Assets/Samples/XR Interaction Toolkit/3.0.4/Starter Assets/DemoSceneAssets/Materials/Concrete Dark Blue.mat
  artifactKey: Guid(bbb56ac3cf3c61a46ab3887c0fdbda8f) Importer(2089858483,0ecaa5967403d082aa24f35e1b516d23)
Start importing Assets/Samples/XR Interaction Toolkit/3.0.4/Starter Assets/DemoSceneAssets/Materials/Concrete Dark Blue.mat using Guid(bbb56ac3cf3c61a46ab3887c0fdbda8f) Importer(2089858483,0ecaa5967403d082aa24f35e1b516d23) [PhysX] Initialized MultithreadedTaskDispatcher with 16 workers.
 -> (artifact id: 'de6082aedc501355284e9632b688e9fc') in 0.034434 seconds
Number of updated asset objects reloaded before import = 0
Number of asset objects unloaded after import = 3
========================================================================
Received Import Request.
  Time since last request: 0.000032 seconds.
  path: Assets/Samples/XR Interaction Toolkit/3.0.4/Starter Assets/DemoSceneAssets/Models/Primitive_Cylinder.fbx
  artifactKey: Guid(73b694bb0f61cd14e9e1ed7b578ac09a) Importer(2089858483,0ecaa5967403d082aa24f35e1b516d23)
Start importing Assets/Samples/XR Interaction Toolkit/3.0.4/Starter Assets/DemoSceneAssets/Models/Primitive_Cylinder.fbx using Guid(73b694bb0f61cd14e9e1ed7b578ac09a) Importer(2089858483,0ecaa5967403d082aa24f35e1b516d23) [PhysX] Initialized MultithreadedTaskDispatcher with 16 workers.
 -> (artifact id: '17b96c2c207bdf90b7d00575f4748c87') in 0.017268 seconds
Number of updated asset objects reloaded before import = 0
Number of asset objects unloaded after import = 7
========================================================================
Received Import Request.
  Time since last request: 0.000037 seconds.
  path: Assets/Samples/XR Interaction Toolkit/3.0.4/Starter Assets/DemoSceneAssets/Materials/Concrete Light Blue.mat
  artifactKey: Guid(830d28b607e09a2479e2005c2eb5c75e) Importer(2089858483,0ecaa5967403d082aa24f35e1b516d23)
Start importing Assets/Samples/XR Interaction Toolkit/3.0.4/Starter Assets/DemoSceneAssets/Materials/Concrete Light Blue.mat using Guid(830d28b607e09a2479e2005c2eb5c75e) Importer(2089858483,0ecaa5967403d082aa24f35e1b516d23) [PhysX] Initialized MultithreadedTaskDispatcher with 16 workers.
 -> (artifact id: 'c5d97484fec70c4ea52ed19d96885a96') in 0.042721 seconds
Number of updated asset objects reloaded before import = 0
Number of asset objects unloaded after import = 3
========================================================================
Received Import Request.
  Time since last request: 0.000035 seconds.
  path: Assets/Samples/XR Interaction Toolkit/3.0.4/Starter Assets/DemoSceneAssets/Models/PushButton.fbx
  artifactKey: Guid(7ab6f3b0fd1a6ba41b2a47766c16613f) Importer(2089858483,0ecaa5967403d082aa24f35e1b516d23)
Start importing Assets/Samples/XR Interaction Toolkit/3.0.4/Starter Assets/DemoSceneAssets/Models/PushButton.fbx using Guid(7ab6f3b0fd1a6ba41b2a47766c16613f) Importer(2089858483,0ecaa5967403d082aa24f35e1b516d23) [PhysX] Initialized MultithreadedTaskDispatcher with 16 workers.
 -> (artifact id: '0dd2bb64391508a9929828a6f7436eef') in 0.038709 seconds
Number of updated asset objects reloaded before import = 0
Number of asset objects unloaded after import = 18
========================================================================
Received Import Request.
  Time since last request: 0.000030 seconds.
  path: Assets/Samples/XR Interaction Toolkit/3.0.4/Starter Assets/DemoSceneAssets/Settings/MultiFloorTeleportVolumeDestinationSettings.asset
  artifactKey: Guid(8d66c9762e1587643a1164368c8a2c58) Importer(2089858483,0ecaa5967403d082aa24f35e1b516d23)
Start importing Assets/Samples/XR Interaction Toolkit/3.0.4/Starter Assets/DemoSceneAssets/Settings/MultiFloorTeleportVolumeDestinationSettings.asset using Guid(8d66c9762e1587643a1164368c8a2c58) Importer(2089858483,0ecaa5967403d082aa24f35e1b516d23) [PhysX] Initialized MultithreadedTaskDispatcher with 16 workers.
 -> (artifact id: '32a446333fed539b78e50cf47a9e13ad') in 0.013995 seconds
Number of updated asset objects reloaded before import = 0
Number of asset objects unloaded after import = 2
========================================================================
Received Import Request.
  Time since last request: 0.000023 seconds.
  path: Assets/Samples/XR Interaction Toolkit/3.0.4/Starter Assets/DemoSceneAssets/Prefabs/Far Grab Samples.prefab
  artifactKey: Guid(f5ee409d69254d64da7a3b74d31a5a40) Importer(2089858483,0ecaa5967403d082aa24f35e1b516d23)
Start importing Assets/Samples/XR Interaction Toolkit/3.0.4/Starter Assets/DemoSceneAssets/Prefabs/Far Grab Samples.prefab using Guid(f5ee409d69254d64da7a3b74d31a5a40) Importer(2089858483,0ecaa5967403d082aa24f35e1b516d23) [PhysX] Initialized MultithreadedTaskDispatcher with 16 workers.
 -> (artifact id: 'a73edd9a822359263f7ac82155c26bda') in 0.024244 seconds
Number of updated asset objects reloaded before import = 0
Number of asset objects unloaded after import = 78
========================================================================
Received Import Request.
  Time since last request: 0.000029 seconds.
  path: Assets/Samples/XR Interaction Toolkit/3.0.4/Starter Assets/DemoSceneAssets/Materials/Lit White.mat
  artifactKey: Guid(fc226930e8fad4c499969204cecfbc05) Importer(2089858483,0ecaa5967403d082aa24f35e1b516d23)
Start importing Assets/Samples/XR Interaction Toolkit/3.0.4/Starter Assets/DemoSceneAssets/Materials/Lit White.mat using Guid(fc226930e8fad4c499969204cecfbc05) Importer(2089858483,0ecaa5967403d082aa24f35e1b516d23) [PhysX] Initialized MultithreadedTaskDispatcher with 16 workers.
 -> (artifact id: '898915183bd4bd6f33a947ebdcd88394') in 0.008689 seconds
Number of updated asset objects reloaded before import = 0
Number of asset objects unloaded after import = 1
========================================================================
Received Import Request.
  Time since last request: 0.000028 seconds.
  path: Assets/Samples/XR Interaction Toolkit/3.0.4/Starter Assets/DemoSceneAssets/Scripts/MultiAnchorTeleportReticle.cs
  artifactKey: Guid(e001d3dc91354f8f8c590b4e1d1d3da9) Importer(2089858483,0ecaa5967403d082aa24f35e1b516d23)
Start importing Assets/Samples/XR Interaction Toolkit/3.0.4/Starter Assets/DemoSceneAssets/Scripts/MultiAnchorTeleportReticle.cs using Guid(e001d3dc91354f8f8c590b4e1d1d3da9) Importer(2089858483,0ecaa5967403d082aa24f35e1b516d23) [PhysX] Initialized MultithreadedTaskDispatcher with 16 workers.
 -> (artifact id: '04458d81997bff5bd0c32204141c9025') in 0.007434 seconds
Number of updated asset objects reloaded before import = 0
Number of asset objects unloaded after import = 1
========================================================================
Received Import Request.
  Time since last request: 0.000035 seconds.
  path: Assets/Samples/XR Interaction Toolkit/3.0.4/Starter Assets/DemoSceneAssets/Models/Primitive_Tapered_Cylinder.fbx
  artifactKey: Guid(e3493855a112e8248a2ea2c9828a51a1) Importer(2089858483,0ecaa5967403d082aa24f35e1b516d23)
Start importing Assets/Samples/XR Interaction Toolkit/3.0.4/Starter Assets/DemoSceneAssets/Models/Primitive_Tapered_Cylinder.fbx using Guid(e3493855a112e8248a2ea2c9828a51a1) Importer(2089858483,0ecaa5967403d082aa24f35e1b516d23) [PhysX] Initialized MultithreadedTaskDispatcher with 16 workers.
 -> (artifact id: 'c53b1b7b6bd03fc2955048b2bab8294e') in 0.016223 seconds
Number of updated asset objects reloaded before import = 0
Number of asset objects unloaded after import = 7
========================================================================
Received Import Request.
  Time since last request: 0.000027 seconds.
  path: Assets/Samples/XR Interaction Toolkit/3.0.4/Starter Assets/DemoSceneAssets/Models/Primitive_Blaster.fbx
  artifactKey: Guid(e8cf87fef9298444ca38948b2c8a4073) Importer(2089858483,0ecaa5967403d082aa24f35e1b516d23)
Start importing Assets/Samples/XR Interaction Toolkit/3.0.4/Starter Assets/DemoSceneAssets/Models/Primitive_Blaster.fbx using Guid(e8cf87fef9298444ca38948b2c8a4073) Importer(2089858483,0ecaa5967403d082aa24f35e1b516d23) [PhysX] Initialized MultithreadedTaskDispatcher with 16 workers.
 -> (artifact id: '5ed534616720f983c4b249706348c9f8') in 0.016355 seconds
Number of updated asset objects reloaded before import = 0
Number of asset objects unloaded after import = 7
========================================================================
Received Import Request.
  Time since last request: 0.000024 seconds.
  path: Assets/Samples/XR Interaction Toolkit/3.0.4/Starter Assets/DemoSceneAssets/Models/Primitive_Blaster_Long.fbx
  artifactKey: Guid(e51d3dbfe79e4c646bb30424a11f23a0) Importer(2089858483,0ecaa5967403d082aa24f35e1b516d23)
Start importing Assets/Samples/XR Interaction Toolkit/3.0.4/Starter Assets/DemoSceneAssets/Models/Primitive_Blaster_Long.fbx using Guid(e51d3dbfe79e4c646bb30424a11f23a0) Importer(2089858483,0ecaa5967403d082aa24f35e1b516d23) [PhysX] Initialized MultithreadedTaskDispatcher with 16 workers.
 -> (artifact id: 'ee0a6d2917bf18b373518ece06128317') in 0.034226 seconds
Number of updated asset objects reloaded before import = 0
Number of asset objects unloaded after import = 7
========================================================================
Received Import Request.
  Time since last request: 0.000020 seconds.
  path: Assets/XR/Settings/EasyAR Settings.asset
  artifactKey: Guid(ea4bff857ef73d34d9a3fd36de8754f2) Importer(2089858483,0ecaa5967403d082aa24f35e1b516d23)
Start importing Assets/XR/Settings/EasyAR Settings.asset using Guid(ea4bff857ef73d34d9a3fd36de8754f2) Importer(2089858483,0ecaa5967403d082aa24f35e1b516d23) [PhysX] Initialized MultithreadedTaskDispatcher with 16 workers.
 -> (artifact id: 'b3cc48bfc4c852e9060e2753368fbd2c') in 0.085739 seconds
Number of updated asset objects reloaded before import = 0
Number of asset objects unloaded after import = 1
========================================================================
Received Import Request.
  Time since last request: 0.000021 seconds.
  path: Assets/Samples/XR Interaction Toolkit/3.0.4/Starter Assets/DemoSceneAssets/Sprites/Round Radius 4 Outline.png
  artifactKey: Guid(b7bad1260586fa746a0b67e930892936) Importer(2089858483,0ecaa5967403d082aa24f35e1b516d23)
Start importing Assets/Samples/XR Interaction Toolkit/3.0.4/Starter Assets/DemoSceneAssets/Sprites/Round Radius 4 Outline.png using Guid(b7bad1260586fa746a0b67e930892936) Importer(2089858483,0ecaa5967403d082aa24f35e1b516d23) [PhysX] Initialized MultithreadedTaskDispatcher with 16 workers.
 -> (artifact id: '1921770f29f7f8d2efe6f2715f10e3b9') in 0.017609 seconds
Number of updated asset objects reloaded before import = 0
Number of asset objects unloaded after import = 3
========================================================================
Received Import Request.
  Time since last request: 0.000061 seconds.
  path: Assets/Samples/XR Interaction Toolkit/3.0.4/Starter Assets/Prefabs/Interactors/Right_NearFarInteractor.prefab
  artifactKey: Guid(b200f6587d118224eba8467281481800) Importer(2089858483,0ecaa5967403d082aa24f35e1b516d23)
Start importing Assets/Samples/XR Interaction Toolkit/3.0.4/Starter Assets/Prefabs/Interactors/Right_NearFarInteractor.prefab using Guid(b200f6587d118224eba8467281481800) Importer(2089858483,0ecaa5967403d082aa24f35e1b516d23) [PhysX] Initialized MultithreadedTaskDispatcher with 16 workers.
 -> (artifact id: '213ecc360f17d3baaa0020d53602bc1f') in 0.122653 seconds
Number of updated asset objects reloaded before import = 0
Number of asset objects unloaded after import = 44
========================================================================
Received Import Request.
  Time since last request: 0.000031 seconds.
  path: Assets/Samples/XR Interaction Toolkit/3.0.4/Starter Assets/Prefabs/Interactors/Ray Interactor.prefab
  artifactKey: Guid(ad818c36731146e994540a1896ad8f24) Importer(2089858483,0ecaa5967403d082aa24f35e1b516d23)
Start importing Assets/Samples/XR Interaction Toolkit/3.0.4/Starter Assets/Prefabs/Interactors/Ray Interactor.prefab using Guid(ad818c36731146e994540a1896ad8f24) Importer(2089858483,0ecaa5967403d082aa24f35e1b516d23) [PhysX] Initialized MultithreadedTaskDispatcher with 16 workers.
 -> (artifact id: '5b9e16b55ce8be9a96a4b81b5bd70e73') in 0.130541 seconds
Number of updated asset objects reloaded before import = 0
Number of asset objects unloaded after import = 10
========================================================================
Received Import Request.
  Time since last request: 0.000024 seconds.
  path: Assets/MobileARTemplateAssets/UI/Fonts/Inter-Regular.ttf
  artifactKey: Guid(109207b3ec45446afb082067696d36e6) Importer(2089858483,0ecaa5967403d082aa24f35e1b516d23)
Start importing Assets/MobileARTemplateAssets/UI/Fonts/Inter-Regular.ttf using Guid(109207b3ec45446afb082067696d36e6) Importer(2089858483,0ecaa5967403d082aa24f35e1b516d23) [PhysX] Initialized MultithreadedTaskDispatcher with 16 workers.
 -> (artifact id: 'c578b47ed0ec3de5a56902648e317ec3') in 0.013977 seconds
Number of updated asset objects reloaded before import = 0
Number of asset objects unloaded after import = 3
========================================================================
Received Import Request.
  Time since last request: 0.000035 seconds.
  path: Assets/Samples/XR Interaction Toolkit/3.0.4/Starter Assets/Prefabs/Teleport/Blocking Teleport Reticle.prefab
  artifactKey: Guid(a3fde713df4d99042a0403c4be9eea32) Importer(2089858483,0ecaa5967403d082aa24f35e1b516d23)
Start importing Assets/Samples/XR Interaction Toolkit/3.0.4/Starter Assets/Prefabs/Teleport/Blocking Teleport Reticle.prefab using Guid(a3fde713df4d99042a0403c4be9eea32) Importer(2089858483,0ecaa5967403d082aa24f35e1b516d23) [PhysX] Initialized MultithreadedTaskDispatcher with 16 workers.
 -> (artifact id: '6eada0d0de7aacc893576b8a5cae3b79') in 0.008938 seconds
Number of updated asset objects reloaded before import = 0
Number of asset objects unloaded after import = 17
========================================================================
Received Import Request.
  Time since last request: 0.000023 seconds.
  path: Assets/TextMesh Pro/Shaders/TMP_Bitmap-Mobile.shader
  artifactKey: Guid(1e3b057af24249748ff873be7fafee47) Importer(2089858483,0ecaa5967403d082aa24f35e1b516d23)
Start importing Assets/TextMesh Pro/Shaders/TMP_Bitmap-Mobile.shader using Guid(1e3b057af24249748ff873be7fafee47) Importer(2089858483,0ecaa5967403d082aa24f35e1b516d23) [PhysX] Initialized MultithreadedTaskDispatcher with 16 workers.
 -> (artifact id: '7f912c42e9df3bfeea9fa12d34d78b17') in 0.007794 seconds
Number of updated asset objects reloaded before import = 0
Number of asset objects unloaded after import = 1
========================================================================
Received Import Request.
  Time since last request: 0.000031 seconds.
  path: Assets/Samples/XR Interaction Toolkit/3.0.4/AR Starter Assets/Materials/FeatheredPlaneMaterial.mat
  artifactKey: Guid(d5774351bc3ae4ad393dc1d142ff4235) Importer(2089858483,0ecaa5967403d082aa24f35e1b516d23)
Start importing Assets/Samples/XR Interaction Toolkit/3.0.4/AR Starter Assets/Materials/FeatheredPlaneMaterial.mat using Guid(d5774351bc3ae4ad393dc1d142ff4235) Importer(2089858483,0ecaa5967403d082aa24f35e1b516d23) [PhysX] Initialized MultithreadedTaskDispatcher with 16 workers.
 -> (artifact id: '40b557f077fd057f36d1ecb2ea83008e') in 0.013985 seconds
Number of updated asset objects reloaded before import = 0
Number of asset objects unloaded after import = 2
========================================================================
Received Import Request.
  Time since last request: 0.000036 seconds.
  path: Assets/Samples/XR Interaction Toolkit/3.0.4/Starter Assets/Shaders/UI-NoZTest.shader
  artifactKey: Guid(a661e7516de55c047905f40ca76fe701) Importer(2089858483,0ecaa5967403d082aa24f35e1b516d23)
Start importing Assets/Samples/XR Interaction Toolkit/3.0.4/Starter Assets/Shaders/UI-NoZTest.shader using Guid(a661e7516de55c047905f40ca76fe701) Importer(2089858483,0ecaa5967403d082aa24f35e1b516d23) [PhysX] Initialized MultithreadedTaskDispatcher with 16 workers.
 -> (artifact id: '931b2231dbf49d889d0f5f184cdc2f4f') in 0.007644 seconds
Number of updated asset objects reloaded before import = 0
Number of asset objects unloaded after import = 1
========================================================================
Received Import Request.
  Time since last request: 0.000023 seconds.
  path: Assets/Samples/XR Interaction Toolkit/3.0.4/AR Starter Assets/Scripts/ARContactSpawnTrigger.cs
  artifactKey: Guid(4440a5b98326c3846b042c0c85fb1d0d) Importer(2089858483,0ecaa5967403d082aa24f35e1b516d23)
Start importing Assets/Samples/XR Interaction Toolkit/3.0.4/AR Starter Assets/Scripts/ARContactSpawnTrigger.cs using Guid(4440a5b98326c3846b042c0c85fb1d0d) Importer(2089858483,0ecaa5967403d082aa24f35e1b516d23) [PhysX] Initialized MultithreadedTaskDispatcher with 16 workers.
 -> (artifact id: '5faa77d62c5df3946f7a65f4dd80fec2') in 0.009468 seconds
Number of updated asset objects reloaded before import = 0
Number of asset objects unloaded after import = 1
========================================================================
Received Import Request.
  Time since last request: 0.000026 seconds.
  path: Assets/Samples/XR Interaction Toolkit/3.0.4/Starter Assets/Editor/Unity.XR.Interaction.Toolkit.Samples.StarterAssets.Editor.asmdef
  artifactKey: Guid(9233538b711383d449a485633568d17c) Importer(2089858483,0ecaa5967403d082aa24f35e1b516d23)
Start importing Assets/Samples/XR Interaction Toolkit/3.0.4/Starter Assets/Editor/Unity.XR.Interaction.Toolkit.Samples.StarterAssets.Editor.asmdef using Guid(9233538b711383d449a485633568d17c) Importer(2089858483,0ecaa5967403d082aa24f35e1b516d23) [PhysX] Initialized MultithreadedTaskDispatcher with 16 workers.
 -> (artifact id: 'fa198ef7cd1bccd2bda0df126b6597d9') in 0.008258 seconds
Number of updated asset objects reloaded before import = 0
Number of asset objects unloaded after import = 1
========================================================================
Received Import Request.
  Time since last request: 0.000026 seconds.
  path: Assets/XR/Loaders/SimulationLoader.asset
  artifactKey: Guid(b92644a1b70d34c08aaf6c1b37c9675d) Importer(2089858483,0ecaa5967403d082aa24f35e1b516d23)
Start importing Assets/XR/Loaders/SimulationLoader.asset using Guid(b92644a1b70d34c08aaf6c1b37c9675d) Importer(2089858483,0ecaa5967403d082aa24f35e1b516d23) [PhysX] Initialized MultithreadedTaskDispatcher with 16 workers.
 -> (artifact id: '3db159023279d576bc252f81ae18af54') in 0.007711 seconds
Number of updated asset objects reloaded before import = 0
Number of asset objects unloaded after import = 1
========================================================================
Received Import Request.
  Time since last request: 0.000036 seconds.
  path: Assets/Samples/EasyAR Sense Unity Plugin/4.6.5+3052.b2f1b028/__All Handheld AR__/DeviceSupport/FrameRecording/Scenes/FrameRecording.unity
  artifactKey: Guid(bfa7a604e7ede7c4588acb144f0e4b49) Importer(2089858483,0ecaa5967403d082aa24f35e1b516d23)
Start importing Assets/Samples/EasyAR Sense Unity Plugin/4.6.5+3052.b2f1b028/__All Handheld AR__/DeviceSupport/FrameRecording/Scenes/FrameRecording.unity using Guid(bfa7a604e7ede7c4588acb144f0e4b49) Importer(2089858483,0ecaa5967403d082aa24f35e1b516d23) [PhysX] Initialized MultithreadedTaskDispatcher with 16 workers.
 -> (artifact id: '64ddbef606f3e8f99600639c839cc616') in 0.005751 seconds
Number of updated asset objects reloaded before import = 0
Number of asset objects unloaded after import = 1
========================================================================
Received Import Request.
  Time since last request: 0.000031 seconds.
  path: Assets/Samples/EasyAR Sense Unity Plugin/4.6.5+3052.b2f1b028/__All Handheld AR__/DeviceSupport/VideoRecording/Materials/EasyAR.mat
  artifactKey: Guid(d39973b7d588cc845a69c591cb5ada15) Importer(2089858483,0ecaa5967403d082aa24f35e1b516d23)
Start importing Assets/Samples/EasyAR Sense Unity Plugin/4.6.5+3052.b2f1b028/__All Handheld AR__/DeviceSupport/VideoRecording/Materials/EasyAR.mat using Guid(d39973b7d588cc845a69c591cb5ada15) Importer(2089858483,0ecaa5967403d082aa24f35e1b516d23) [PhysX] Initialized MultithreadedTaskDispatcher with 16 workers.
 -> (artifact id: '566048e7071867046c29d4a5a4a76c15') in 0.052915 seconds
Number of updated asset objects reloaded before import = 0
Number of asset objects unloaded after import = 2
========================================================================
Received Import Request.
  Time since last request: 0.000024 seconds.
  path: Assets/Samples/EasyAR Sense Unity Plugin/4.6.5+3052.b2f1b028/__All Handheld AR__/DeviceSupport/FrameRecording/Materials/EasyAR.mat
  artifactKey: Guid(162779db9e4ba324e98e3ea59d2d58fd) Importer(2089858483,0ecaa5967403d082aa24f35e1b516d23)
Start importing Assets/Samples/EasyAR Sense Unity Plugin/4.6.5+3052.b2f1b028/__All Handheld AR__/DeviceSupport/FrameRecording/Materials/EasyAR.mat using Guid(162779db9e4ba324e98e3ea59d2d58fd) Importer(2089858483,0ecaa5967403d082aa24f35e1b516d23) [PhysX] Initialized MultithreadedTaskDispatcher with 16 workers.
 -> (artifact id: 'db515208841107afcb7d66981d685f6c') in 0.012462 seconds
Number of updated asset objects reloaded before import = 0
Number of asset objects unloaded after import = 2
========================================================================
Received Import Request.
  Time since last request: 0.000031 seconds.
  path: Assets/Samples/XR Interaction Toolkit/3.0.4/AR Starter Assets/ARDemoSceneAssets/Prefabs/Arch.prefab
  artifactKey: Guid(13241d599ff10413498d04c6d683ca10) Importer(2089858483,0ecaa5967403d082aa24f35e1b516d23)
Start importing Assets/Samples/XR Interaction Toolkit/3.0.4/AR Starter Assets/ARDemoSceneAssets/Prefabs/Arch.prefab using Guid(13241d599ff10413498d04c6d683ca10) Importer(2089858483,0ecaa5967403d082aa24f35e1b516d23) [PhysX] Initialized MultithreadedTaskDispatcher with 16 workers.
 -> (artifact id: 'f36797265cad19a42e4ba23cda32e12c') in 0.021664 seconds
Number of updated asset objects reloaded before import = 0
Number of asset objects unloaded after import = 21
========================================================================
Received Import Request.
  Time since last request: 0.000024 seconds.
  path: Assets/Samples/XR Interaction Toolkit/3.0.4/AR Starter Assets/ARDemoScene.unity
  artifactKey: Guid(da4db6c21a88243878fecfe160c1be3b) Importer(2089858483,0ecaa5967403d082aa24f35e1b516d23)
Start importing Assets/Samples/XR Interaction Toolkit/3.0.4/AR Starter Assets/ARDemoScene.unity using Guid(da4db6c21a88243878fecfe160c1be3b) Importer(2089858483,0ecaa5967403d082aa24f35e1b516d23) [PhysX] Initialized MultithreadedTaskDispatcher with 16 workers.
 -> (artifact id: 'ab9a49577872b42f8d8b5d13ffa3f03b') in 0.006869 seconds
Number of updated asset objects reloaded before import = 0
Number of asset objects unloaded after import = 1
========================================================================
Received Import Request.
  Time since last request: 0.000047 seconds.
  path: Assets/MobileARTemplateAssets/UI/Animation/Prompt_RotateObject.controller
  artifactKey: Guid(281a3759a96264995824f30d5de09b03) Importer(2089858483,0ecaa5967403d082aa24f35e1b516d23)
Start importing Assets/MobileARTemplateAssets/UI/Animation/Prompt_RotateObject.controller using Guid(281a3759a96264995824f30d5de09b03) Importer(2089858483,0ecaa5967403d082aa24f35e1b516d23) [PhysX] Initialized MultithreadedTaskDispatcher with 16 workers.
 -> (artifact id: '7366df5df4a8342bff975e68c52eaa9a') in 0.009824 seconds
Number of updated asset objects reloaded before import = 0
Number of asset objects unloaded after import = 4
========================================================================
Received Import Request.
  Time since last request: 0.000027 seconds.
  path: Assets/Samples/XR Interaction Toolkit/3.0.4/AR Starter Assets/ARDemoSceneAssets/Prefabs/Cube.prefab
  artifactKey: Guid(ebd7292e888c84f05924605e51048072) Importer(2089858483,0ecaa5967403d082aa24f35e1b516d23)
Start importing Assets/Samples/XR Interaction Toolkit/3.0.4/AR Starter Assets/ARDemoSceneAssets/Prefabs/Cube.prefab using Guid(ebd7292e888c84f05924605e51048072) Importer(2089858483,0ecaa5967403d082aa24f35e1b516d23) [PhysX] Initialized MultithreadedTaskDispatcher with 16 workers.
 -> (artifact id: '193e608822cc6863d069079f15c8b03a') in 0.043153 seconds
Number of updated asset objects reloaded before import = 0
Number of asset objects unloaded after import = 23
========================================================================
Received Import Request.
  Time since last request: 0.000031 seconds.
  path: Assets/TextMesh Pro/Shaders/TMP_SDF-Surface.shader
  artifactKey: Guid(f7ada0af4f174f0694ca6a487b8f543d) Importer(2089858483,0ecaa5967403d082aa24f35e1b516d23)
Start importing Assets/TextMesh Pro/Shaders/TMP_SDF-Surface.shader using Guid(f7ada0af4f174f0694ca6a487b8f543d) Importer(2089858483,0ecaa5967403d082aa24f35e1b516d23) [PhysX] Initialized MultithreadedTaskDispatcher with 16 workers.
 -> (artifact id: 'c815e0f19376335858b7f6cc6f5f19b5') in 0.007897 seconds
Number of updated asset objects reloaded before import = 0
Number of asset objects unloaded after import = 1
========================================================================
Received Import Request.
  Time since last request: 0.000031 seconds.
  path: Assets/MobileARTemplateAssets/Tutorial/Images/ARMobileThumbnailLarge.png
  artifactKey: Guid(cf19c6d5e0c0d4440acf6ef0d681f721) Importer(2089858483,0ecaa5967403d082aa24f35e1b516d23)
Start importing Assets/MobileARTemplateAssets/Tutorial/Images/ARMobileThumbnailLarge.png using Guid(cf19c6d5e0c0d4440acf6ef0d681f721) Importer(2089858483,0ecaa5967403d082aa24f35e1b516d23) [PhysX] Initialized MultithreadedTaskDispatcher with 16 workers.
 -> (artifact id: '4a6dd439592cd753ef6021608c6320d0') in 0.017096 seconds
Number of updated asset objects reloaded before import = 0
Number of asset objects unloaded after import = 1
========================================================================
Received Import Request.
  Time since last request: 0.000030 seconds.
  path: Assets/Samples/XR Interaction Toolkit/3.0.4/Starter Assets/DemoScene.unity
  artifactKey: Guid(319dafa5c80f29f428dc1e0d03f04177) Importer(2089858483,0ecaa5967403d082aa24f35e1b516d23)
Start importing Assets/Samples/XR Interaction Toolkit/3.0.4/Starter Assets/DemoScene.unity using Guid(319dafa5c80f29f428dc1e0d03f04177) Importer(2089858483,0ecaa5967403d082aa24f35e1b516d23) [PhysX] Initialized MultithreadedTaskDispatcher with 16 workers.
 -> (artifact id: 'fb4ce9c7f7afd0424776b94d55c4e529') in 0.005510 seconds
Number of updated asset objects reloaded before import = 0
Number of asset objects unloaded after import = 1
========================================================================
Received Import Request.
  Time since last request: 0.000028 seconds.
  path: Assets/Samples/EasyAR Sense Unity Plugin/4.6.5+3052.b2f1b028/__All Handheld AR__/DeviceSupport/FrameRecording/Scripts/Sample.cs
  artifactKey: Guid(21124cb0a846817428070a8f12048366) Importer(2089858483,0ecaa5967403d082aa24f35e1b516d23)
Start importing Assets/Samples/EasyAR Sense Unity Plugin/4.6.5+3052.b2f1b028/__All Handheld AR__/DeviceSupport/FrameRecording/Scripts/Sample.cs using Guid(21124cb0a846817428070a8f12048366) Importer(2089858483,0ecaa5967403d082aa24f35e1b516d23) [PhysX] Initialized MultithreadedTaskDispatcher with 16 workers.
 -> (artifact id: '6397ffd49337357874cd0dd7f182dcb6') in 0.008820 seconds
Number of updated asset objects reloaded before import = 0
Number of asset objects unloaded after import = 1
========================================================================
Received Import Request.
  Time since last request: 0.000022 seconds.
  path: Assets/MobileARTemplateAssets/Prefabs/ARFeatheredPlane.prefab
  artifactKey: Guid(886609fc1566e4c27b399f1095d6de18) Importer(2089858483,0ecaa5967403d082aa24f35e1b516d23)
Start importing Assets/MobileARTemplateAssets/Prefabs/ARFeatheredPlane.prefab using Guid(886609fc1566e4c27b399f1095d6de18) Importer(2089858483,0ecaa5967403d082aa24f35e1b516d23) [PhysX] Initialized MultithreadedTaskDispatcher with 16 workers.
 -> (artifact id: '96fdac7dfb41bde4f71e343f751286e3') in 0.028073 seconds
Number of updated asset objects reloaded before import = 0
Number of asset objects unloaded after import = 11
========================================================================
Received Import Request.
  Time since last request: 0.000026 seconds.
  path: Assets/Samples/XR Interaction Toolkit/3.0.4/AR Starter Assets/ARDemoSceneAssets/Sprites/Button - Circular BG.png
  artifactKey: Guid(7347b6042ec9e40c4a3cbd7077c91e67) Importer(2089858483,0ecaa5967403d082aa24f35e1b516d23)
Start importing Assets/Samples/XR Interaction Toolkit/3.0.4/AR Starter Assets/ARDemoSceneAssets/Sprites/Button - Circular BG.png using Guid(7347b6042ec9e40c4a3cbd7077c91e67) Importer(2089858483,0ecaa5967403d082aa24f35e1b516d23) [PhysX] Initialized MultithreadedTaskDispatcher with 16 workers.
 -> (artifact id: 'becd175311e276661b2e6aa2275d38ca') in 0.036969 seconds
Number of updated asset objects reloaded before import = 0
Number of asset objects unloaded after import = 3
========================================================================
Received Import Request.
  Time since last request: 0.000040 seconds.
  path: Assets/Samples/XR Interaction Toolkit/3.0.4/Starter Assets/Scripts/ControllerInputActionManager.cs
  artifactKey: Guid(f9ac216f0eb04754b1d938aac6380b31) Importer(2089858483,0ecaa5967403d082aa24f35e1b516d23)
Start importing Assets/Samples/XR Interaction Toolkit/3.0.4/Starter Assets/Scripts/ControllerInputActionManager.cs using Guid(f9ac216f0eb04754b1d938aac6380b31) Importer(2089858483,0ecaa5967403d082aa24f35e1b516d23) [PhysX] Initialized MultithreadedTaskDispatcher with 16 workers.
 -> (artifact id: 'e19b1b1dc58520d38bd69ef8841b5eb7') in 0.008238 seconds
Number of updated asset objects reloaded before import = 0
Number of asset objects unloaded after import = 1
========================================================================
Received Import Request.
  Time since last request: 0.000025 seconds.
  path: Assets/TextMesh Pro/Shaders/TMP_SDF.shader
  artifactKey: Guid(68e6db2ebdc24f95958faec2be5558d6) Importer(2089858483,0ecaa5967403d082aa24f35e1b516d23)
Start importing Assets/TextMesh Pro/Shaders/TMP_SDF.shader using Guid(68e6db2ebdc24f95958faec2be5558d6) Importer(2089858483,0ecaa5967403d082aa24f35e1b516d23) [PhysX] Initialized MultithreadedTaskDispatcher with 16 workers.
 -> (artifact id: '26f7d6cfbed1abdc6719d419a37fef37') in 0.008457 seconds
Number of updated asset objects reloaded before import = 0
Number of asset objects unloaded after import = 1
========================================================================
Received Import Request.
  Time since last request: 0.000031 seconds.
  path: Assets/Samples/EasyAR Sense Unity Plugin/4.6.5+3052.b2f1b028/__All Handheld AR__/DeviceSupport/Camera_VideoCamera/Textures/CheckMark.png
  artifactKey: Guid(abab1247db658cf4f94d54f728bf1073) Importer(2089858483,0ecaa5967403d082aa24f35e1b516d23)
Start importing Assets/Samples/EasyAR Sense Unity Plugin/4.6.5+3052.b2f1b028/__All Handheld AR__/DeviceSupport/Camera_VideoCamera/Textures/CheckMark.png using Guid(abab1247db658cf4f94d54f728bf1073) Importer(2089858483,0ecaa5967403d082aa24f35e1b516d23) [PhysX] Initialized MultithreadedTaskDispatcher with 16 workers.
 -> (artifact id: '4baac96a2965584b371afda6e2b5fd67') in 0.017652 seconds
Number of updated asset objects reloaded before import = 0
Number of asset objects unloaded after import = 3
========================================================================
Received Import Request.
  Time since last request: 0.000031 seconds.
  path: Assets/Samples/XR Interaction Toolkit/3.0.4/AR Starter Assets/ARDemoSceneAssets/Models/Primitive_Arch.fbx
  artifactKey: Guid(1b1d3fffb2c30434b903b78194cc0997) Importer(2089858483,0ecaa5967403d082aa24f35e1b516d23)
Start importing Assets/Samples/XR Interaction Toolkit/3.0.4/AR Starter Assets/ARDemoSceneAssets/Models/Primitive_Arch.fbx using Guid(1b1d3fffb2c30434b903b78194cc0997) Importer(2089858483,0ecaa5967403d082aa24f35e1b516d23) [PhysX] Initialized MultithreadedTaskDispatcher with 16 workers.
 -> (artifact id: 'b8f2b12d8439546ab63954428546e371') in 0.016481 seconds
Number of updated asset objects reloaded before import = 0
Number of asset objects unloaded after import = 7
========================================================================
Received Import Request.
  Time since last request: 0.000028 seconds.
  path: Assets/Samples/EasyAR Sense Unity Plugin/4.6.5+3052.b2f1b028/__All Handheld AR__/ObjectSensing/ImageTracking_Targets/Duck/duckCM.png
  artifactKey: Guid(28282178868adae41ae8061c02ddc57a) Importer(2089858483,0ecaa5967403d082aa24f35e1b516d23)
Start importing Assets/Samples/EasyAR Sense Unity Plugin/4.6.5+3052.b2f1b028/__All Handheld AR__/ObjectSensing/ImageTracking_Targets/Duck/duckCM.png using Guid(28282178868adae41ae8061c02ddc57a) Importer(2089858483,0ecaa5967403d082aa24f35e1b516d23) [PhysX] Initialized MultithreadedTaskDispatcher with 16 workers.
 -> (artifact id: '9f3fcfb2e481319f50540ca08a3572ed') in 0.019402 seconds
Number of updated asset objects reloaded before import = 0
Number of asset objects unloaded after import = 1
========================================================================
Received Import Request.
  Time since last request: 0.000026 seconds.
  path: Assets/Samples/EasyAR Sense Unity Plugin/4.6.5+3052.b2f1b028/__All Handheld AR__/ObjectSensing/ImageTracking_Targets/Materials/EasyAR.mat
  artifactKey: Guid(376adf0d9158d374084e01f876cb8fcc) Importer(2089858483,0ecaa5967403d082aa24f35e1b516d23)
Start importing Assets/Samples/EasyAR Sense Unity Plugin/4.6.5+3052.b2f1b028/__All Handheld AR__/ObjectSensing/ImageTracking_Targets/Materials/EasyAR.mat using Guid(376adf0d9158d374084e01f876cb8fcc) Importer(2089858483,0ecaa5967403d082aa24f35e1b516d23) [PhysX] Initialized MultithreadedTaskDispatcher with 16 workers.
 -> (artifact id: '3db3f8283bd8aaf27ac33d0f22505ac7') in 0.013261 seconds
Number of updated asset objects reloaded before import = 0
Number of asset objects unloaded after import = 2
========================================================================
Received Import Request.
  Time since last request: 0.000024 seconds.
  path: Assets/Samples/EasyAR Sense Unity Plugin/4.6.5+3052.b2f1b028/__All Handheld AR__/ObjectSensing/ImageTracking_TargetOnTheFly/Textures/EasyAR.jpg
  artifactKey: Guid(89c7b52519cbefe4da5be9b92f36f31d) Importer(2089858483,0ecaa5967403d082aa24f35e1b516d23)
Start importing Assets/Samples/EasyAR Sense Unity Plugin/4.6.5+3052.b2f1b028/__All Handheld AR__/ObjectSensing/ImageTracking_TargetOnTheFly/Textures/EasyAR.jpg using Guid(89c7b52519cbefe4da5be9b92f36f31d) Importer(2089858483,0ecaa5967403d082aa24f35e1b516d23) [PhysX] Initialized MultithreadedTaskDispatcher with 16 workers.
 -> (artifact id: '8d2effdd4c4194195df80a40a3c99d80') in 0.019497 seconds
Number of updated asset objects reloaded before import = 0
Number of asset objects unloaded after import = 1
========================================================================
Received Import Request.
  Time since last request: 0.000031 seconds.
  path: Assets/Samples/EasyAR Sense Unity Plugin/4.6.5+3052.b2f1b028/__All Handheld AR__/ObjectSensing/ImageTracking_TargetOnTheFly/Scripts/TargetOnTheFlySample.cs
  artifactKey: Guid(08ec84891439ef143bc5407e865008c0) Importer(2089858483,0ecaa5967403d082aa24f35e1b516d23)
Start importing Assets/Samples/EasyAR Sense Unity Plugin/4.6.5+3052.b2f1b028/__All Handheld AR__/ObjectSensing/ImageTracking_TargetOnTheFly/Scripts/TargetOnTheFlySample.cs using Guid(08ec84891439ef143bc5407e865008c0) Importer(2089858483,0ecaa5967403d082aa24f35e1b516d23) [PhysX] Initialized MultithreadedTaskDispatcher with 16 workers.
 -> (artifact id: 'f422feda88d9c1b665a381dc0e5e40b4') in 0.030802 seconds
Number of updated asset objects reloaded before import = 0
Number of asset objects unloaded after import = 1
========================================================================
Received Import Request.
  Time since last request: 0.000033 seconds.
  path: Assets/Samples/EasyAR Sense Unity Plugin/4.6.5+3052.b2f1b028/__All Handheld AR__/ObjectSensing/ImageTracking_CloudRecognition/Textures/EasyAR.jpg
  artifactKey: Guid(0fe2922d084535c4b8886dbdb6c4d790) Importer(2089858483,0ecaa5967403d082aa24f35e1b516d23)
Start importing Assets/Samples/EasyAR Sense Unity Plugin/4.6.5+3052.b2f1b028/__All Handheld AR__/ObjectSensing/ImageTracking_CloudRecognition/Textures/EasyAR.jpg using Guid(0fe2922d084535c4b8886dbdb6c4d790) Importer(2089858483,0ecaa5967403d082aa24f35e1b516d23) [PhysX] Initialized MultithreadedTaskDispatcher with 16 workers.
 -> (artifact id: 'd0e9538325853a0f9506ef5872cacf59') in 0.017677 seconds
Number of updated asset objects reloaded before import = 0
Number of asset objects unloaded after import = 1
========================================================================
Received Import Request.
  Time since last request: 0.000061 seconds.
  path: Assets/Samples/EasyAR Sense Unity Plugin/4.6.5+3052.b2f1b028/__All Handheld AR__/ObjectSensing/ImageTracking_Targets/Resources/duck02.prefab
  artifactKey: Guid(f903eef74dcd5104eb39d2038dcace82) Importer(2089858483,0ecaa5967403d082aa24f35e1b516d23)
Start importing Assets/Samples/EasyAR Sense Unity Plugin/4.6.5+3052.b2f1b028/__All Handheld AR__/ObjectSensing/ImageTracking_Targets/Resources/duck02.prefab using Guid(f903eef74dcd5104eb39d2038dcace82) Importer(2089858483,0ecaa5967403d082aa24f35e1b516d23) [PhysX] Initialized MultithreadedTaskDispatcher with 16 workers.
 -> (artifact id: 'd9b3ecbc502e8a02a891a22298666d43') in 0.009488 seconds
Number of updated asset objects reloaded before import = 0
Number of asset objects unloaded after import = 9
========================================================================
Received Import Request.
  Time since last request: 0.000027 seconds.
  path: Assets/Settings/Project Configuration/SampleScene.scenetemplate
  artifactKey: Guid(cd3fa84c57338574abb086f0c361d881) Importer(2089858483,0ecaa5967403d082aa24f35e1b516d23)
Start importing Assets/Settings/Project Configuration/SampleScene.scenetemplate using Guid(cd3fa84c57338574abb086f0c361d881) Importer(2089858483,0ecaa5967403d082aa24f35e1b516d23) [PhysX] Initialized MultithreadedTaskDispatcher with 16 workers.
 -> (artifact id: 'ee01cb3d5f20fc53a1dfa631c5a5c933') in 0.036926 seconds
Number of updated asset objects reloaded before import = 0
Number of asset objects unloaded after import = 76
========================================================================
Received Import Request.
  Time since last request: 0.000024 seconds.
  path: Assets/Samples/XR Interaction Toolkit/3.0.4/Starter Assets/Tunneling Vignette/TunnelingVignette.shader
  artifactKey: Guid(e51b4af1e50be764e8de46e07d4e3f3f) Importer(2089858483,0ecaa5967403d082aa24f35e1b516d23)
Start importing Assets/Samples/XR Interaction Toolkit/3.0.4/Starter Assets/Tunneling Vignette/TunnelingVignette.shader using Guid(e51b4af1e50be764e8de46e07d4e3f3f) Importer(2089858483,0ecaa5967403d082aa24f35e1b516d23) [PhysX] Initialized MultithreadedTaskDispatcher with 16 workers.
 -> (artifact id: '0694ec684ea44b234df0f522316cdb73') in 0.007959 seconds
Number of updated asset objects reloaded before import = 0
Number of asset objects unloaded after import = 1
========================================================================
Received Import Request.
  Time since last request: 0.000030 seconds.
  path: Assets/Settings/Project Configuration/SceneTemplate_RotateCube.cs
  artifactKey: Guid(6f17310979bb8bc409d7bc10ebea601c) Importer(2089858483,0ecaa5967403d082aa24f35e1b516d23)
Start importing Assets/Settings/Project Configuration/SceneTemplate_RotateCube.cs using Guid(6f17310979bb8bc409d7bc10ebea601c) Importer(2089858483,0ecaa5967403d082aa24f35e1b516d23) [PhysX] Initialized MultithreadedTaskDispatcher with 16 workers.
 -> (artifact id: '6ed252673d25ff009a3cce01e8c64ac2') in 0.008881 seconds
Number of updated asset objects reloaded before import = 0
Number of asset objects unloaded after import = 1
========================================================================
Received Import Request.
  Time since last request: 0.000024 seconds.
  path: Assets/Samples/EasyAR Sense Unity Plugin/4.6.5+3052.b2f1b028/__All Handheld AR__/ObjectSensing/ImageTracking_TargetOnTheFly/Scripts/EasyAR.Sense.Sample.ImageTracking_TargetOnTheFly.asmdef
  artifactKey: Guid(15ff0fa90d6ba324bbd1659d0c25bb7e) Importer(2089858483,0ecaa5967403d082aa24f35e1b516d23)
Start importing Assets/Samples/EasyAR Sense Unity Plugin/4.6.5+3052.b2f1b028/__All Handheld AR__/ObjectSensing/ImageTracking_TargetOnTheFly/Scripts/EasyAR.Sense.Sample.ImageTracking_TargetOnTheFly.asmdef using Guid(15ff0fa90d6ba324bbd1659d0c25bb7e) Importer(2089858483,0ecaa5967403d082aa24f35e1b516d23) [PhysX] Initialized MultithreadedTaskDispatcher with 16 workers.
 -> (artifact id: 'aea1a1367dd90ab1497211280d75d20a') in 0.009741 seconds
Number of updated asset objects reloaded before import = 0
Number of asset objects unloaded after import = 1
========================================================================
Received Import Request.
  Time since last request: 0.000024 seconds.
  path: Assets/Samples/XR Interaction Toolkit/3.0.4/Starter Assets/Prefabs/Affordances/Poke Pointer.prefab
  artifactKey: Guid(bb91fcbcb3cc896468b372b1c762bfab) Importer(2089858483,0ecaa5967403d082aa24f35e1b516d23)
Start importing Assets/Samples/XR Interaction Toolkit/3.0.4/Starter Assets/Prefabs/Affordances/Poke Pointer.prefab using Guid(bb91fcbcb3cc896468b372b1c762bfab) Importer(2089858483,0ecaa5967403d082aa24f35e1b516d23) [PhysX] Initialized MultithreadedTaskDispatcher with 16 workers.
 -> (artifact id: '907a696adab53c9209f602a7e686ff58') in 0.011682 seconds
Number of updated asset objects reloaded before import = 0
Number of asset objects unloaded after import = 15
========================================================================
Received Import Request.
  Time since last request: 0.000026 seconds.
  path: Assets/Samples/XR Interaction Toolkit/3.0.4/Starter Assets/Prefabs/Controllers/XR Controller Right.prefab
  artifactKey: Guid(9f3369e30fbd31f4bb596b1a99babe83) Importer(2089858483,0ecaa5967403d082aa24f35e1b516d23)
Start importing Assets/Samples/XR Interaction Toolkit/3.0.4/Starter Assets/Prefabs/Controllers/XR Controller Right.prefab using Guid(9f3369e30fbd31f4bb596b1a99babe83) Importer(2089858483,0ecaa5967403d082aa24f35e1b516d23) [PhysX] Initialized MultithreadedTaskDispatcher with 16 workers.
 -> (artifact id: '284f59bf2bfea4910965ae76417d8525') in 0.022929 seconds
Number of updated asset objects reloaded before import = 0
Number of asset objects unloaded after import = 59
========================================================================
Received Import Request.
  Time since last request: 0.000030 seconds.
  path: Assets/Samples/XR Interaction Toolkit/3.0.4/Starter Assets/Prefabs/Interactors/Teleport Interactor.prefab
  artifactKey: Guid(c1800acf6366418a9b5f610249000331) Importer(2089858483,0ecaa5967403d082aa24f35e1b516d23)
Start importing Assets/Samples/XR Interaction Toolkit/3.0.4/Starter Assets/Prefabs/Interactors/Teleport Interactor.prefab using Guid(c1800acf6366418a9b5f610249000331) Importer(2089858483,0ecaa5967403d082aa24f35e1b516d23) [PhysX] Initialized MultithreadedTaskDispatcher with 16 workers.
 -> (artifact id: '9409c0337781137fb93d26ae427d1e89') in 0.069846 seconds
Number of updated asset objects reloaded before import = 0
Number of asset objects unloaded after import = 38
========================================================================
Received Import Request.
  Time since last request: 0.000033 seconds.
  path: Assets/Samples/XR Interaction Toolkit/3.0.4/Starter Assets/Prefabs/Controllers/XR Controller Left.prefab
  artifactKey: Guid(1392f805216c47742996d4742c80721c) Importer(2089858483,0ecaa5967403d082aa24f35e1b516d23)
Start importing Assets/Samples/XR Interaction Toolkit/3.0.4/Starter Assets/Prefabs/Controllers/XR Controller Left.prefab using Guid(1392f805216c47742996d4742c80721c) Importer(2089858483,0ecaa5967403d082aa24f35e1b516d23) [PhysX] Initialized MultithreadedTaskDispatcher with 16 workers.
 -> (artifact id: '069613d46b223ab95fb20a11abf7e68a') in 0.020186 seconds
Number of updated asset objects reloaded before import = 0
Number of asset objects unloaded after import = 59
========================================================================
Received Import Request.
  Time since last request: 0.000035 seconds.
  path: Assets/Samples/EasyAR Sense Unity Plugin/4.6.5+3052.b2f1b028/__All Handheld AR__/ObjectSensing/ImageTracking_Targets/Scripts/EasyAR.Sense.Sample.ImageTracking_Targets.asmdef
  artifactKey: Guid(949d295987c230a438711973c57aa83d) Importer(2089858483,0ecaa5967403d082aa24f35e1b516d23)
Start importing Assets/Samples/EasyAR Sense Unity Plugin/4.6.5+3052.b2f1b028/__All Handheld AR__/ObjectSensing/ImageTracking_Targets/Scripts/EasyAR.Sense.Sample.ImageTracking_Targets.asmdef using Guid(949d295987c230a438711973c57aa83d) Importer(2089858483,0ecaa5967403d082aa24f35e1b516d23) [PhysX] Initialized MultithreadedTaskDispatcher with 16 workers.
 -> (artifact id: '77c1bf2021d50fd0c5b07ea643f7edcb') in 0.008916 seconds
Number of updated asset objects reloaded before import = 0
Number of asset objects unloaded after import = 1
========================================================================
Received Import Request.
  Time since last request: 0.000024 seconds.
  path: Assets/Samples/EasyAR Sense Unity Plugin/4.6.5+3052.b2f1b028/__All Handheld AR__/ObjectSensing/MultiTarget_MultiTracker/Scripts/Sample.cs
  artifactKey: Guid(4bc45b98d497fe0489dc964a794fe994) Importer(2089858483,0ecaa5967403d082aa24f35e1b516d23)
Start importing Assets/Samples/EasyAR Sense Unity Plugin/4.6.5+3052.b2f1b028/__All Handheld AR__/ObjectSensing/MultiTarget_MultiTracker/Scripts/Sample.cs using Guid(4bc45b98d497fe0489dc964a794fe994) Importer(2089858483,0ecaa5967403d082aa24f35e1b516d23) [PhysX] Initialized MultithreadedTaskDispatcher with 16 workers.
 -> (artifact id: '0cae666885989a31d2c2d808cceead47') in 0.008115 seconds
Number of updated asset objects reloaded before import = 0
Number of asset objects unloaded after import = 1
========================================================================
Received Import Request.
  Time since last request: 0.000020 seconds.
  path: Assets/Samples/EasyAR Sense Unity Plugin/4.6.5+3052.b2f1b028/__All Handheld AR__/ObjectSensing/MultiTarget_MultiTracker/Materials/EasyAR.mat
  artifactKey: Guid(44dede5fef75a3b49b1992f4f002c269) Importer(2089858483,0ecaa5967403d082aa24f35e1b516d23)
Start importing Assets/Samples/EasyAR Sense Unity Plugin/4.6.5+3052.b2f1b028/__All Handheld AR__/ObjectSensing/MultiTarget_MultiTracker/Materials/EasyAR.mat using Guid(44dede5fef75a3b49b1992f4f002c269) Importer(2089858483,0ecaa5967403d082aa24f35e1b516d23) [PhysX] Initialized MultithreadedTaskDispatcher with 16 workers.
 -> (artifact id: '5272d0f84e763f28ad191af201ef6039') in 0.012926 seconds
Number of updated asset objects reloaded before import = 0
Number of asset objects unloaded after import = 2
========================================================================
Received Import Request.
  Time since last request: 0.000027 seconds.
  path: Assets/Samples/EasyAR Sense Unity Plugin/4.6.5+3052.b2f1b028/__All Handheld AR__/ObjectSensing/ImageTracking_Targets/Textures/EasyAR.jpg
  artifactKey: Guid(d53f5f1e307cdcb4f94d80772b7c4d7f) Importer(2089858483,0ecaa5967403d082aa24f35e1b516d23)
Start importing Assets/Samples/EasyAR Sense Unity Plugin/4.6.5+3052.b2f1b028/__All Handheld AR__/ObjectSensing/ImageTracking_Targets/Textures/EasyAR.jpg using Guid(d53f5f1e307cdcb4f94d80772b7c4d7f) Importer(2089858483,0ecaa5967403d082aa24f35e1b516d23) [PhysX] Initialized MultithreadedTaskDispatcher with 16 workers.
 -> (artifact id: '65171d1b66e234a647cbfa3a5e6f3dd1') in 0.014385 seconds
Number of updated asset objects reloaded before import = 0
Number of asset objects unloaded after import = 1
========================================================================
Received Import Request.
  Time since last request: 0.000027 seconds.
  path: Assets/Samples/EasyAR Sense Unity Plugin/4.6.5+3052.b2f1b028/__All Handheld AR__/ObjectSensing/ImageTracking_Targets/Textures/namecard.jpg
  artifactKey: Guid(6426251b28e373f4195ca8f3dd3475f7) Importer(2089858483,0ecaa5967403d082aa24f35e1b516d23)
Start importing Assets/Samples/EasyAR Sense Unity Plugin/4.6.5+3052.b2f1b028/__All Handheld AR__/ObjectSensing/ImageTracking_Targets/Textures/namecard.jpg using Guid(6426251b28e373f4195ca8f3dd3475f7) Importer(2089858483,0ecaa5967403d082aa24f35e1b516d23) [PhysX] Initialized MultithreadedTaskDispatcher with 16 workers.
 -> (artifact id: 'fd3e9e6e9898989664d3264310f8bd72') in 0.042225 seconds
Number of updated asset objects reloaded before import = 0
Number of asset objects unloaded after import = 1
========================================================================
Received Import Request.
  Time since last request: 0.000026 seconds.
  path: Assets/Samples/EasyAR Sense Unity Plugin/4.6.5+3052.b2f1b028/__All Handheld AR__/ObjectSensing/ImageTracking_Video/Textures/argame02_videotexture.renderTexture
  artifactKey: Guid(3dbc028ab0d572b4b9702c0c05565af0) Importer(2089858483,0ecaa5967403d082aa24f35e1b516d23)
Start importing Assets/Samples/EasyAR Sense Unity Plugin/4.6.5+3052.b2f1b028/__All Handheld AR__/ObjectSensing/ImageTracking_Video/Textures/argame02_videotexture.renderTexture using Guid(3dbc028ab0d572b4b9702c0c05565af0) Importer(2089858483,0ecaa5967403d082aa24f35e1b516d23) [PhysX] Initialized MultithreadedTaskDispatcher with 16 workers.
 -> (artifact id: '94d589231d2310553213ce34704c3a05') in 0.013970 seconds
Number of updated asset objects reloaded before import = 0
Number of asset objects unloaded after import = 1
========================================================================
Received Import Request.
  Time since last request: 0.000025 seconds.
  path: Assets/Samples/EasyAR Sense Unity Plugin/4.6.5+3052.b2f1b028/__All Handheld AR__/ObjectSensing/MultiTarget_MultiType/Prefabs/hexagon.obj
  artifactKey: Guid(5d235d71ec30b9f458d4ca5ff30c0108) Importer(2089858483,0ecaa5967403d082aa24f35e1b516d23)
Start importing Assets/Samples/EasyAR Sense Unity Plugin/4.6.5+3052.b2f1b028/__All Handheld AR__/ObjectSensing/MultiTarget_MultiType/Prefabs/hexagon.obj using Guid(5d235d71ec30b9f458d4ca5ff30c0108) Importer(2089858483,0ecaa5967403d082aa24f35e1b516d23) [PhysX] Initialized MultithreadedTaskDispatcher with 16 workers.
 -> (artifact id: 'db1c1826171f938c6b58dfdf742dbb57') in 0.015414 seconds
Number of updated asset objects reloaded before import = 0
Number of asset objects unloaded after import = 9
========================================================================
Received Import Request.
  Time since last request: 0.000022 seconds.
  path: Assets/Samples/EasyAR Sense Unity Plugin/4.6.5+3052.b2f1b028/__All Handheld AR__/ObjectSensing/MultiTarget_MultiType/Materials/EasyAR.mat
  artifactKey: Guid(4cb2b370b775b1a4fb6f037a7d561250) Importer(2089858483,0ecaa5967403d082aa24f35e1b516d23)
Start importing Assets/Samples/EasyAR Sense Unity Plugin/4.6.5+3052.b2f1b028/__All Handheld AR__/ObjectSensing/MultiTarget_MultiType/Materials/EasyAR.mat using Guid(4cb2b370b775b1a4fb6f037a7d561250) Importer(2089858483,0ecaa5967403d082aa24f35e1b516d23) [PhysX] Initialized MultithreadedTaskDispatcher with 16 workers.
 -> (artifact id: '6f70283275a9437d8cfd113251d25edd') in 0.014013 seconds
Number of updated asset objects reloaded before import = 0
Number of asset objects unloaded after import = 2
========================================================================
Received Import Request.
  Time since last request: 0.000026 seconds.
  path: Assets/Samples/XR Interaction Toolkit/3.0.4/Starter Assets/Prefabs/Interactors/Poke Interactor.prefab
  artifactKey: Guid(27024f5809f4a4347b9cd7f26a1bdf93) Importer(2089858483,0ecaa5967403d082aa24f35e1b516d23)
Start importing Assets/Samples/XR Interaction Toolkit/3.0.4/Starter Assets/Prefabs/Interactors/Poke Interactor.prefab using Guid(27024f5809f4a4347b9cd7f26a1bdf93) Importer(2089858483,0ecaa5967403d082aa24f35e1b516d23) [PhysX] Initialized MultithreadedTaskDispatcher with 16 workers.
 -> (artifact id: 'f04c578719bdef4e9a805bf9f6594b57') in 0.021307 seconds
Number of updated asset objects reloaded before import = 0
Number of asset objects unloaded after import = 12
========================================================================
Received Import Request.
  Time since last request: 0.000044 seconds.
  path: Assets/Samples/EasyAR Sense Unity Plugin/4.6.5+3052.b2f1b028/__All Handheld AR__/ObjectSensing/ImageTracking_MotionFusion/Scripts/EasyAR.Sense.Sample.ImageTracking_MotionFusion.asmdef
  artifactKey: Guid(06c77e76ef41a0047aa390170fc0c983) Importer(2089858483,0ecaa5967403d082aa24f35e1b516d23)
Start importing Assets/Samples/EasyAR Sense Unity Plugin/4.6.5+3052.b2f1b028/__All Handheld AR__/ObjectSensing/ImageTracking_MotionFusion/Scripts/EasyAR.Sense.Sample.ImageTracking_MotionFusion.asmdef using Guid(06c77e76ef41a0047aa390170fc0c983) Importer(2089858483,0ecaa5967403d082aa24f35e1b516d23) [PhysX] Initialized MultithreadedTaskDispatcher with 16 workers.
 -> (artifact id: 'd3fc6d9aa95841a14667a0adf24a3074') in 0.008369 seconds
Number of updated asset objects reloaded before import = 0
Number of asset objects unloaded after import = 1
========================================================================
Received Import Request.
  Time since last request: 0.000023 seconds.
  path: Assets/Samples/EasyAR Sense Unity Plugin/4.6.5+3052.b2f1b028/__All Handheld AR__/DeviceSupport/Camera_CustomCamera/Materials/EasyAR.mat
  artifactKey: Guid(c38a581d1ad5ad849bd40d491505ff78) Importer(2089858483,0ecaa5967403d082aa24f35e1b516d23)
Start importing Assets/Samples/EasyAR Sense Unity Plugin/4.6.5+3052.b2f1b028/__All Handheld AR__/DeviceSupport/Camera_CustomCamera/Materials/EasyAR.mat using Guid(c38a581d1ad5ad849bd40d491505ff78) Importer(2089858483,0ecaa5967403d082aa24f35e1b516d23) [PhysX] Initialized MultithreadedTaskDispatcher with 16 workers.
 -> (artifact id: '7753f630aa35da5f5cd24c5174447b39') in 0.012758 seconds
Number of updated asset objects reloaded before import = 0
Number of asset objects unloaded after import = 2
========================================================================
Received Import Request.
  Time since last request: 0.000025 seconds.
  path: Assets/Samples/EasyAR Sense Unity Plugin/4.6.5+3052.b2f1b028/__All Handheld AR__/DeviceSupport/Camera_VideoCamera/Textures/EasyAR.jpg
  artifactKey: Guid(9affe52541739e043b322f2c43a7f1ac) Importer(2089858483,0ecaa5967403d082aa24f35e1b516d23)
Start importing Assets/Samples/EasyAR Sense Unity Plugin/4.6.5+3052.b2f1b028/__All Handheld AR__/DeviceSupport/Camera_VideoCamera/Textures/EasyAR.jpg using Guid(9affe52541739e043b322f2c43a7f1ac) Importer(2089858483,0ecaa5967403d082aa24f35e1b516d23) [PhysX] Initialized MultithreadedTaskDispatcher with 16 workers.
 -> (artifact id: '782082eaaf017a8156eae20b05660f2a') in 0.018404 seconds
Number of updated asset objects reloaded before import = 0
Number of asset objects unloaded after import = 1
========================================================================
Received Import Request.
  Time since last request: 0.000027 seconds.
  path: Assets/Samples/XR Interaction Toolkit/3.0.4/Starter Assets/DemoSceneAssets/Textures/Concrete_Normal.tif
  artifactKey: Guid(cdebec39dbf81a14688e1de8d12897b4) Importer(2089858483,0ecaa5967403d082aa24f35e1b516d23)
Start importing Assets/Samples/XR Interaction Toolkit/3.0.4/Starter Assets/DemoSceneAssets/Textures/Concrete_Normal.tif using Guid(cdebec39dbf81a14688e1de8d12897b4) Importer(2089858483,0ecaa5967403d082aa24f35e1b516d23) [PhysX] Initialized MultithreadedTaskDispatcher with 16 workers.
 -> (artifact id: '2717f29a33551b17c7a2567f857c83a9') in 0.049052 seconds
Number of updated asset objects reloaded before import = 0
Number of asset objects unloaded after import = 1
========================================================================
Received Import Request.
  Time since last request: 0.000023 seconds.
  path: Assets/Samples/EasyAR Sense Unity Plugin/4.6.5+3052.b2f1b028/__All Handheld AR__/ObjectSensing/ImageTracking_CloudRecognition/Scripts/CloudRecognizerSample.cs
  artifactKey: Guid(cd481708840ac3446921e67aff86aa52) Importer(2089858483,0ecaa5967403d082aa24f35e1b516d23)
Start importing Assets/Samples/EasyAR Sense Unity Plugin/4.6.5+3052.b2f1b028/__All Handheld AR__/ObjectSensing/ImageTracking_CloudRecognition/Scripts/CloudRecognizerSample.cs using Guid(cd481708840ac3446921e67aff86aa52) Importer(2089858483,0ecaa5967403d082aa24f35e1b516d23) [PhysX] Initialized MultithreadedTaskDispatcher with 16 workers.
 -> (artifact id: '424919524e242a4d6c172b08c6e566e8') in 0.006956 seconds
Number of updated asset objects reloaded before import = 0
Number of asset objects unloaded after import = 1
========================================================================
Received Import Request.
  Time since last request: 0.000023 seconds.
  path: Assets/Samples/EasyAR Sense Unity Plugin/4.6.5+3052.b2f1b028/__All Handheld AR__/ObjectSensing/ImageTracking_Coloring3D/Models/bear.fbx
  artifactKey: Guid(c2d7d7615fd59e14384b99a1f54d6961) Importer(2089858483,0ecaa5967403d082aa24f35e1b516d23)
Start importing Assets/Samples/EasyAR Sense Unity Plugin/4.6.5+3052.b2f1b028/__All Handheld AR__/ObjectSensing/ImageTracking_Coloring3D/Models/bear.fbx using Guid(c2d7d7615fd59e14384b99a1f54d6961) Importer(2089858483,0ecaa5967403d082aa24f35e1b516d23) [PhysX] Initialized MultithreadedTaskDispatcher with 16 workers.
 -> (artifact id: '6d7ba12bf8b27083ce80a868969ae2ce') in 0.023606 seconds
Number of updated asset objects reloaded before import = 0
Number of asset objects unloaded after import = 9
========================================================================
Received Import Request.
  Time since last request: 0.000029 seconds.
  path: Assets/Samples/EasyAR Sense Unity Plugin/4.6.5+3052.b2f1b028/__All Handheld AR__/ObjectSensing/ImageTracking_Targets/Resources/duck01.prefab
  artifactKey: Guid(4ca2f7621dd598845bf0f29ba42c7b86) Importer(2089858483,0ecaa5967403d082aa24f35e1b516d23)
Start importing Assets/Samples/EasyAR Sense Unity Plugin/4.6.5+3052.b2f1b028/__All Handheld AR__/ObjectSensing/ImageTracking_Targets/Resources/duck01.prefab using Guid(4ca2f7621dd598845bf0f29ba42c7b86) Importer(2089858483,0ecaa5967403d082aa24f35e1b516d23) [PhysX] Initialized MultithreadedTaskDispatcher with 16 workers.
 -> (artifact id: '6f796e1df2cc9bbea94015c2a0ab517d') in 0.009576 seconds
Number of updated asset objects reloaded before import = 0
Number of asset objects unloaded after import = 9
========================================================================
Received Import Request.
  Time since last request: 0.000028 seconds.
  path: Assets/Samples/EasyAR Sense Unity Plugin/4.6.5+3052.b2f1b028/__All Handheld AR__/DeviceSupport/Camera_CustomCamera/Scripts/Sample.cs
  artifactKey: Guid(3dd5aa2a153b826418fc2fcbfd9c0817) Importer(2089858483,0ecaa5967403d082aa24f35e1b516d23)
Start importing Assets/Samples/EasyAR Sense Unity Plugin/4.6.5+3052.b2f1b028/__All Handheld AR__/DeviceSupport/Camera_CustomCamera/Scripts/Sample.cs using Guid(3dd5aa2a153b826418fc2fcbfd9c0817) Importer(2089858483,0ecaa5967403d082aa24f35e1b516d23) [PhysX] Initialized MultithreadedTaskDispatcher with 16 workers.
 -> (artifact id: '6a6333e485389ae3e964c147b6af30b5') in 0.007804 seconds
Number of updated asset objects reloaded before import = 0
Number of asset objects unloaded after import = 1
========================================================================
Received Import Request.
  Time since last request: 0.000032 seconds.
  path: Assets/Samples/EasyAR Sense Unity Plugin/4.6.5+3052.b2f1b028/__All Handheld AR__/ObjectSensing/ObjectTracking/Scenes/ObjectTracking.unity
  artifactKey: Guid(a7d4a9c21f3b1b643a0bf2a20902b959) Importer(2089858483,0ecaa5967403d082aa24f35e1b516d23)
Start importing Assets/Samples/EasyAR Sense Unity Plugin/4.6.5+3052.b2f1b028/__All Handheld AR__/ObjectSensing/ObjectTracking/Scenes/ObjectTracking.unity using Guid(a7d4a9c21f3b1b643a0bf2a20902b959) Importer(2089858483,0ecaa5967403d082aa24f35e1b516d23) [PhysX] Initialized MultithreadedTaskDispatcher with 16 workers.
 -> (artifact id: '6921b8d32646833280fd7c1f0722da21') in 0.006606 seconds
Number of updated asset objects reloaded before import = 0
Number of asset objects unloaded after import = 1
========================================================================
Received Import Request.
  Time since last request: 0.000029 seconds.
  path: Assets/Samples/EasyAR Sense Unity Plugin/4.6.5+3052.b2f1b028/__All Handheld AR__/ObjectSensing/ObjectTracking/Scripts/EasyAR.Sense.Sample.ObjectTracking.asmdef
  artifactKey: Guid(d87b7823a0089d040a36d16e916f1bb2) Importer(2089858483,0ecaa5967403d082aa24f35e1b516d23)
Start importing Assets/Samples/EasyAR Sense Unity Plugin/4.6.5+3052.b2f1b028/__All Handheld AR__/ObjectSensing/ObjectTracking/Scripts/EasyAR.Sense.Sample.ObjectTracking.asmdef using Guid(d87b7823a0089d040a36d16e916f1bb2) Importer(2089858483,0ecaa5967403d082aa24f35e1b516d23) [PhysX] Initialized MultithreadedTaskDispatcher with 16 workers.
 -> (artifact id: '45a938de4026132e17f642271f6a64c5') in 0.009008 seconds
Number of updated asset objects reloaded before import = 0
Number of asset objects unloaded after import = 1
========================================================================
Received Import Request.
  Time since last request: 0.000022 seconds.
  path: Assets/Samples/EasyAR Sense Unity Plugin/4.6.5+3052.b2f1b028/__All Handheld AR__/ObjectSensing/MultiTarget_SingleTracker/Duck/duckCM.png
  artifactKey: Guid(5c7983a86e827164bb09bd6f91f599fb) Importer(2089858483,0ecaa5967403d082aa24f35e1b516d23)
Start importing Assets/Samples/EasyAR Sense Unity Plugin/4.6.5+3052.b2f1b028/__All Handheld AR__/ObjectSensing/MultiTarget_SingleTracker/Duck/duckCM.png using Guid(5c7983a86e827164bb09bd6f91f599fb) Importer(2089858483,0ecaa5967403d082aa24f35e1b516d23) [PhysX] Initialized MultithreadedTaskDispatcher with 16 workers.
 -> (artifact id: '4a98022b6f796a9e7973a74eaa57d7be') in 0.016120 seconds
Number of updated asset objects reloaded before import = 0
Number of asset objects unloaded after import = 1
========================================================================
Received Import Request.
  Time since last request: 0.000023 seconds.
  path: Assets/Samples/EasyAR Sense Unity Plugin/4.6.5+3052.b2f1b028/__All Handheld AR__/ObjectSensing/ObjectTracking/Scripts/ObjectTrackingSample.cs
  artifactKey: Guid(26826ac80ab82164ba5e8a7df72b7c95) Importer(2089858483,0ecaa5967403d082aa24f35e1b516d23)
Start importing Assets/Samples/EasyAR Sense Unity Plugin/4.6.5+3052.b2f1b028/__All Handheld AR__/ObjectSensing/ObjectTracking/Scripts/ObjectTrackingSample.cs using Guid(26826ac80ab82164ba5e8a7df72b7c95) Importer(2089858483,0ecaa5967403d082aa24f35e1b516d23) [PhysX] Initialized MultithreadedTaskDispatcher with 16 workers.
 -> (artifact id: '35d56046f046a31fa4643dc6429c077a') in 0.006653 seconds
Number of updated asset objects reloaded before import = 0
Number of asset objects unloaded after import = 1
========================================================================
Received Import Request.
  Time since last request: 0.000026 seconds.
  path: Assets/Samples/EasyAR Sense Unity Plugin/4.6.5+3052.b2f1b028/__All Handheld AR__/ObjectSensing/MultiTarget_MultiType/Textures/EasyAR.jpg
  artifactKey: Guid(b178af4b71807e14f85eddcdf7a24047) Importer(2089858483,0ecaa5967403d082aa24f35e1b516d23)
Start importing Assets/Samples/EasyAR Sense Unity Plugin/4.6.5+3052.b2f1b028/__All Handheld AR__/ObjectSensing/MultiTarget_MultiType/Textures/EasyAR.jpg using Guid(b178af4b71807e14f85eddcdf7a24047) Importer(2089858483,0ecaa5967403d082aa24f35e1b516d23) [PhysX] Initialized MultithreadedTaskDispatcher with 16 workers.
 -> (artifact id: 'ba767761a857611ce140899d29220bdd') in 0.016054 seconds
Number of updated asset objects reloaded before import = 0
Number of asset objects unloaded after import = 1
========================================================================
Received Import Request.
  Time since last request: 0.000021 seconds.
  path: Assets/Samples/EasyAR Sense Unity Plugin/4.6.5+3052.b2f1b028/__All Handheld AR__/ObjectSensing/MultiTarget_MultiType/Textures/hexagon.jpg
  artifactKey: Guid(ac2c143c55715a64d8af1443fb82f577) Importer(2089858483,0ecaa5967403d082aa24f35e1b516d23)
Start importing Assets/Samples/EasyAR Sense Unity Plugin/4.6.5+3052.b2f1b028/__All Handheld AR__/ObjectSensing/MultiTarget_MultiType/Textures/hexagon.jpg using Guid(ac2c143c55715a64d8af1443fb82f577) Importer(2089858483,0ecaa5967403d082aa24f35e1b516d23) [PhysX] Initialized MultithreadedTaskDispatcher with 16 workers.
 -> (artifact id: '6c6b55e09ca0a789b6d16184b180d884') in 0.050645 seconds
Number of updated asset objects reloaded before import = 0
Number of asset objects unloaded after import = 1
========================================================================
Received Import Request.
  Time since last request: 0.000024 seconds.
  path: Assets/Samples/EasyAR Sense Unity Plugin/4.6.5+3052.b2f1b028/__All Handheld AR__/WorldSensing/MotionTracking/Shaders/EasyARPlane.shader
  artifactKey: Guid(8457490d5abcbf24ab0e1831eb3450aa) Importer(2089858483,0ecaa5967403d082aa24f35e1b516d23)
Start importing Assets/Samples/EasyAR Sense Unity Plugin/4.6.5+3052.b2f1b028/__All Handheld AR__/WorldSensing/MotionTracking/Shaders/EasyARPlane.shader using Guid(8457490d5abcbf24ab0e1831eb3450aa) Importer(2089858483,0ecaa5967403d082aa24f35e1b516d23) [PhysX] Initialized MultithreadedTaskDispatcher with 16 workers.
 -> (artifact id: 'eac075e2977cb397ae8faf1d96088502') in 0.009081 seconds
Number of updated asset objects reloaded before import = 0
Number of asset objects unloaded after import = 1
========================================================================
Received Import Request.
  Time since last request: 0.000031 seconds.
  path: Assets/Samples/EasyAR Sense Unity Plugin/4.6.5+3052.b2f1b028/__All Handheld AR__/WorldSensing/MotionTracking/Scripts/TouchController.cs
  artifactKey: Guid(a844a5c56077b4c42b274c4aa232fd61) Importer(2089858483,0ecaa5967403d082aa24f35e1b516d23)
Start importing Assets/Samples/EasyAR Sense Unity Plugin/4.6.5+3052.b2f1b028/__All Handheld AR__/WorldSensing/MotionTracking/Scripts/TouchController.cs using Guid(a844a5c56077b4c42b274c4aa232fd61) Importer(2089858483,0ecaa5967403d082aa24f35e1b516d23) [PhysX] Initialized MultithreadedTaskDispatcher with 16 workers.
 -> (artifact id: 'b973d5cda49b9f75cf4a1f59f1c9356f') in 0.008074 seconds
Number of updated asset objects reloaded before import = 0
Number of asset objects unloaded after import = 1
========================================================================
Received Import Request.
  Time since last request: 0.000030 seconds.
  path: Assets/Samples/EasyAR Sense Unity Plugin/4.6.5+3052.b2f1b028/__All Handheld AR__/WorldSensing/MotionTracking/Materials/Plane.mat
  artifactKey: Guid(d94fa66df93698148a72bff3112ed61b) Importer(2089858483,0ecaa5967403d082aa24f35e1b516d23)
Start importing Assets/Samples/EasyAR Sense Unity Plugin/4.6.5+3052.b2f1b028/__All Handheld AR__/WorldSensing/MotionTracking/Materials/Plane.mat using Guid(d94fa66df93698148a72bff3112ed61b) Importer(2089858483,0ecaa5967403d082aa24f35e1b516d23) [PhysX] Initialized MultithreadedTaskDispatcher with 16 workers.
 -> (artifact id: '7d39769c4b42065b2ad41c73059aca85') in 0.012268 seconds
Number of updated asset objects reloaded before import = 0
Number of asset objects unloaded after import = 3
========================================================================
Received Import Request.
  Time since last request: 0.000025 seconds.
  path: Assets/Samples/EasyAR Sense Unity Plugin/4.6.5+3052.b2f1b028/__All Handheld AR__/ObjectSensing/MultiTarget_SingleTracker/Scripts/Sample.cs
  artifactKey: Guid(7c6e58f6fb024d8479a0ac47c41b92ea) Importer(2089858483,0ecaa5967403d082aa24f35e1b516d23)
Start importing Assets/Samples/EasyAR Sense Unity Plugin/4.6.5+3052.b2f1b028/__All Handheld AR__/ObjectSensing/MultiTarget_SingleTracker/Scripts/Sample.cs using Guid(7c6e58f6fb024d8479a0ac47c41b92ea) Importer(2089858483,0ecaa5967403d082aa24f35e1b516d23) [PhysX] Initialized MultithreadedTaskDispatcher with 16 workers.
 -> (artifact id: '7dde31fae92940c910ac31d34a1e123d') in 0.007213 seconds
Number of updated asset objects reloaded before import = 0
Number of asset objects unloaded after import = 1
========================================================================
Received Import Request.
  Time since last request: 0.000023 seconds.
  path: Assets/Samples/EasyAR Sense Unity Plugin/4.6.5+3052.b2f1b028/__All Handheld AR__/ObjectSensing/MultiTarget_MultiType/Scripts/Sample.cs
  artifactKey: Guid(de00b1b36aec85c43b4a0636c140f0a9) Importer(2089858483,0ecaa5967403d082aa24f35e1b516d23)
Start importing Assets/Samples/EasyAR Sense Unity Plugin/4.6.5+3052.b2f1b028/__All Handheld AR__/ObjectSensing/MultiTarget_MultiType/Scripts/Sample.cs using Guid(de00b1b36aec85c43b4a0636c140f0a9) Importer(2089858483,0ecaa5967403d082aa24f35e1b516d23) [PhysX] Initialized MultithreadedTaskDispatcher with 16 workers.
 -> (artifact id: '3ab7acf8686b31c68d974efcb104531c') in 0.006699 seconds
Number of updated asset objects reloaded before import = 0
Number of asset objects unloaded after import = 1
========================================================================
Received Import Request.
  Time since last request: 0.000022 seconds.
  path: Assets/Samples/EasyAR Sense Unity Plugin/4.6.5+3052.b2f1b028/__All Handheld AR__/ObjectSensing/MultiTarget_SingleTracker/Textures/EasyAR.jpg
  artifactKey: Guid(45b5ce0a9da5be545bc681293880adaa) Importer(2089858483,0ecaa5967403d082aa24f35e1b516d23)
Start importing Assets/Samples/EasyAR Sense Unity Plugin/4.6.5+3052.b2f1b028/__All Handheld AR__/ObjectSensing/MultiTarget_SingleTracker/Textures/EasyAR.jpg using Guid(45b5ce0a9da5be545bc681293880adaa) Importer(2089858483,0ecaa5967403d082aa24f35e1b516d23) [PhysX] Initialized MultithreadedTaskDispatcher with 16 workers.
 -> (artifact id: 'f1ecaa50d99a9e51c29a20090e63851c') in 0.015356 seconds
Number of updated asset objects reloaded before import = 0
Number of asset objects unloaded after import = 1
========================================================================
Received Import Request.
  Time since last request: 0.000022 seconds.
  path: Assets/Samples/EasyAR Sense Unity Plugin/4.6.5+3052.b2f1b028/__All Handheld AR__/ObjectSensing/ImageTracking_MotionFusion/Scripts/Sample.cs
  artifactKey: Guid(48b23ea2d92957343a2f70ef9049f076) Importer(2089858483,0ecaa5967403d082aa24f35e1b516d23)
Start importing Assets/Samples/EasyAR Sense Unity Plugin/4.6.5+3052.b2f1b028/__All Handheld AR__/ObjectSensing/ImageTracking_MotionFusion/Scripts/Sample.cs using Guid(48b23ea2d92957343a2f70ef9049f076) Importer(2089858483,0ecaa5967403d082aa24f35e1b516d23) [PhysX] Initialized MultithreadedTaskDispatcher with 16 workers.
 -> (artifact id: '1b2e9ba6e8436334b1d549e0d6a78c86') in 0.006921 seconds
Number of updated asset objects reloaded before import = 0
Number of asset objects unloaded after import = 1
========================================================================
Received Import Request.
  Time since last request: 0.000022 seconds.
  path: Assets/Samples/EasyAR Sense Unity Plugin/4.6.5+3052.b2f1b028/__All Handheld AR__/DeviceSupport/VideoRecording/Scripts/RecordingSample.cs
  artifactKey: Guid(a0927e88222c09e49889f33c9c23c287) Importer(2089858483,0ecaa5967403d082aa24f35e1b516d23)
Start importing Assets/Samples/EasyAR Sense Unity Plugin/4.6.5+3052.b2f1b028/__All Handheld AR__/DeviceSupport/VideoRecording/Scripts/RecordingSample.cs using Guid(a0927e88222c09e49889f33c9c23c287) Importer(2089858483,0ecaa5967403d082aa24f35e1b516d23) [PhysX] Initialized MultithreadedTaskDispatcher with 16 workers.
 -> (artifact id: 'e9f1b2e59a3de54075c4121c9c1423b5') in 0.008894 seconds
Number of updated asset objects reloaded before import = 0
Number of asset objects unloaded after import = 1
========================================================================
Received Import Request.
  Time since last request: 0.000038 seconds.
  path: Assets/Samples/EasyAR Sense Unity Plugin/4.6.5+3052.b2f1b028/__All Handheld AR__/ObjectSensing/ImageTracking_MotionFusion/Scenes/ImageTracking_MotionFusion.unity
  artifactKey: Guid(ddaaf5cbd92ffdb44b2cb3528f72edd6) Importer(2089858483,0ecaa5967403d082aa24f35e1b516d23)
Start importing Assets/Samples/EasyAR Sense Unity Plugin/4.6.5+3052.b2f1b028/__All Handheld AR__/ObjectSensing/ImageTracking_MotionFusion/Scenes/ImageTracking_MotionFusion.unity using Guid(ddaaf5cbd92ffdb44b2cb3528f72edd6) Importer(2089858483,0ecaa5967403d082aa24f35e1b516d23) [PhysX] Initialized MultithreadedTaskDispatcher with 16 workers.
 -> (artifact id: '61f8307a29e704d3871f2fde47593318') in 0.007488 seconds
Number of updated asset objects reloaded before import = 0
Number of asset objects unloaded after import = 1
========================================================================
Received Import Request.
  Time since last request: 0.000026 seconds.
  path: Assets/Samples/EasyAR Sense Unity Plugin/4.6.5+3052.b2f1b028/__All Handheld AR__/ObjectSensing/ImageTracking_Video/Shaders/TransparentVideo.shader
  artifactKey: Guid(efaaf1ed7085a904e840c99ff7e5e890) Importer(2089858483,0ecaa5967403d082aa24f35e1b516d23)
Start importing Assets/Samples/EasyAR Sense Unity Plugin/4.6.5+3052.b2f1b028/__All Handheld AR__/ObjectSensing/ImageTracking_Video/Shaders/TransparentVideo.shader using Guid(efaaf1ed7085a904e840c99ff7e5e890) Importer(2089858483,0ecaa5967403d082aa24f35e1b516d23) [PhysX] Initialized MultithreadedTaskDispatcher with 16 workers.
 -> (artifact id: '2c2c45345de4b749d24a895227d1d5f1') in 0.009493 seconds
Number of updated asset objects reloaded before import = 0
Number of asset objects unloaded after import = 1
========================================================================
Received Import Request.
  Time since last request: 0.000024 seconds.
  path: Assets/Samples/EasyAR Sense Unity Plugin/4.6.5+3052.b2f1b028/__All Handheld AR__/WorldSensing/MotionTracking/Materials/EasyAR.mat
  artifactKey: Guid(68732b379943b4447aeb7c40227db903) Importer(2089858483,0ecaa5967403d082aa24f35e1b516d23)
Start importing Assets/Samples/EasyAR Sense Unity Plugin/4.6.5+3052.b2f1b028/__All Handheld AR__/WorldSensing/MotionTracking/Materials/EasyAR.mat using Guid(68732b379943b4447aeb7c40227db903) Importer(2089858483,0ecaa5967403d082aa24f35e1b516d23) [PhysX] Initialized MultithreadedTaskDispatcher with 16 workers.
 -> (artifact id: '760cbfe303be78e254eabf54a1c4594e') in 0.013855 seconds
Number of updated asset objects reloaded before import = 0
Number of asset objects unloaded after import = 2
========================================================================
Received Import Request.
  Time since last request: 0.000026 seconds.
  path: Assets/Samples/EasyAR Sense Unity Plugin/4.6.5+3052.b2f1b028/__All Handheld AR__/ObjectSensing/ObjectTracking/Materials/hexagon_hexagonMat.mat
  artifactKey: Guid(33fc13196ab04414bb2206144148af23) Importer(2089858483,0ecaa5967403d082aa24f35e1b516d23)
Start importing Assets/Samples/EasyAR Sense Unity Plugin/4.6.5+3052.b2f1b028/__All Handheld AR__/ObjectSensing/ObjectTracking/Materials/hexagon_hexagonMat.mat using Guid(33fc13196ab04414bb2206144148af23) Importer(2089858483,0ecaa5967403d082aa24f35e1b516d23) [PhysX] Initialized MultithreadedTaskDispatcher with 16 workers.
 -> (artifact id: 'ed1dfc39555e5d446d426c4a16f74ef2') in 0.028921 seconds
Number of updated asset objects reloaded before import = 0
Number of asset objects unloaded after import = 2
========================================================================
Received Import Request.
  Time since last request: 0.000024 seconds.
  path: Assets/Samples/EasyAR Sense Unity Plugin/4.6.5+3052.b2f1b028/__All Handheld AR__/ObjectSensing/MultiTarget_MultiType/Prefabs/hexagon.prefab
  artifactKey: Guid(f8573439b3b89734cb2b49959b16a239) Importer(2089858483,0ecaa5967403d082aa24f35e1b516d23)
Start importing Assets/Samples/EasyAR Sense Unity Plugin/4.6.5+3052.b2f1b028/__All Handheld AR__/ObjectSensing/MultiTarget_MultiType/Prefabs/hexagon.prefab using Guid(f8573439b3b89734cb2b49959b16a239) Importer(2089858483,0ecaa5967403d082aa24f35e1b516d23) [PhysX] Initialized MultithreadedTaskDispatcher with 16 workers.
 -> (artifact id: 'f6393da07ebc09854a67d307d2bf2838') in 0.008447 seconds
Number of updated asset objects reloaded before import = 0
Number of asset objects unloaded after import = 9
========================================================================
Received Import Request.
  Time since last request: 0.000036 seconds.
  path: Assets/Samples/EasyAR Sense Unity Plugin/4.6.5+3052.b2f1b028/__All Handheld AR__/ObjectSensing/MultiTarget_SameImage/Prefabs/Cube.prefab
  artifactKey: Guid(a9fa842c16432464fbd472d369427373) Importer(2089858483,0ecaa5967403d082aa24f35e1b516d23)
Start importing Assets/Samples/EasyAR Sense Unity Plugin/4.6.5+3052.b2f1b028/__All Handheld AR__/ObjectSensing/MultiTarget_SameImage/Prefabs/Cube.prefab using Guid(a9fa842c16432464fbd472d369427373) Importer(2089858483,0ecaa5967403d082aa24f35e1b516d23) [PhysX] Initialized MultithreadedTaskDispatcher with 16 workers.
 -> (artifact id: '94433729794e8537e64b4004cda9df68') in 0.012306 seconds
Number of updated asset objects reloaded before import = 0
Number of asset objects unloaded after import = 7
========================================================================
Received Import Request.
  Time since last request: 0.000024 seconds.
  path: Assets/Samples/EasyAR Sense Unity Plugin/4.6.5+3052.b2f1b028/__All Handheld AR__/DeviceSupport/Camera_VideoCamera/Scripts/VideoCameraSample.cs
  artifactKey: Guid(49c24ca6b85934d4d8c0ec869393b592) Importer(2089858483,0ecaa5967403d082aa24f35e1b516d23)
Start importing Assets/Samples/EasyAR Sense Unity Plugin/4.6.5+3052.b2f1b028/__All Handheld AR__/DeviceSupport/Camera_VideoCamera/Scripts/VideoCameraSample.cs using Guid(49c24ca6b85934d4d8c0ec869393b592) Importer(2089858483,0ecaa5967403d082aa24f35e1b516d23) [PhysX] Initialized MultithreadedTaskDispatcher with 16 workers.
 -> (artifact id: '57bea7bee063f3be11a06f036ca13129') in 0.009305 seconds
Number of updated asset objects reloaded before import = 0
Number of asset objects unloaded after import = 1
========================================================================
Received Import Request.
  Time since last request: 0.000023 seconds.
  path: Assets/Samples/EasyAR Sense Unity Plugin/4.6.5+3052.b2f1b028/__All Handheld AR__/WorldSensing/MotionTracking_ImageTarget/Scripts/TouchController.cs
  artifactKey: Guid(77a0fbfa4868ff7428fdf68aa9431e23) Importer(2089858483,0ecaa5967403d082aa24f35e1b516d23)
Start importing Assets/Samples/EasyAR Sense Unity Plugin/4.6.5+3052.b2f1b028/__All Handheld AR__/WorldSensing/MotionTracking_ImageTarget/Scripts/TouchController.cs using Guid(77a0fbfa4868ff7428fdf68aa9431e23) Importer(2089858483,0ecaa5967403d082aa24f35e1b516d23) [PhysX] Initialized MultithreadedTaskDispatcher with 16 workers.
 -> (artifact id: '22e2d06175db7e6823d7ce4aab0a8eaf') in 0.009389 seconds
Number of updated asset objects reloaded before import = 0
Number of asset objects unloaded after import = 1
========================================================================
Received Import Request.
  Time since last request: 0.000044 seconds.
  path: Assets/Samples/EasyAR Sense Unity Plugin/4.6.5+3052.b2f1b028/__All Handheld AR__/WorldSensing/SpatialMap_SparseSpatialMap/Prefabs/MapCell.prefab
  artifactKey: Guid(3c2eae6bca85d9c49ae4c514c8a38e2b) Importer(2089858483,0ecaa5967403d082aa24f35e1b516d23)
Start importing Assets/Samples/EasyAR Sense Unity Plugin/4.6.5+3052.b2f1b028/__All Handheld AR__/WorldSensing/SpatialMap_SparseSpatialMap/Prefabs/MapCell.prefab using Guid(3c2eae6bca85d9c49ae4c514c8a38e2b) Importer(2089858483,0ecaa5967403d082aa24f35e1b516d23) [PhysX] Initialized MultithreadedTaskDispatcher with 16 workers.
 -> (artifact id: 'd9287651564790d20fd0ba8211f6c2fc') in 0.049346 seconds
Number of updated asset objects reloaded before import = 0
Number of asset objects unloaded after import = 19
========================================================================
Received Import Request.
  Time since last request: 0.000023 seconds.
  path: Assets/Samples/EasyAR Sense Unity Plugin/4.6.5+3052.b2f1b028/__All Handheld AR__/WorldSensing/SpatialMap_Dense_BallGame/Scripts/UIController.cs
  artifactKey: Guid(4b8def83ccbce204f86c4b0df6e0d39c) Importer(2089858483,0ecaa5967403d082aa24f35e1b516d23)
Start importing Assets/Samples/EasyAR Sense Unity Plugin/4.6.5+3052.b2f1b028/__All Handheld AR__/WorldSensing/SpatialMap_Dense_BallGame/Scripts/UIController.cs using Guid(4b8def83ccbce204f86c4b0df6e0d39c) Importer(2089858483,0ecaa5967403d082aa24f35e1b516d23) [PhysX] Initialized MultithreadedTaskDispatcher with 16 workers.
 -> (artifact id: '313968da2b449877352946845ccdfa0b') in 0.008420 seconds
Number of updated asset objects reloaded before import = 0
Number of asset objects unloaded after import = 1
========================================================================
Received Import Request.
  Time since last request: 0.000033 seconds.
  path: Assets/Samples/EasyAR Sense Unity Plugin/4.6.5+3052.b2f1b028/__All Handheld AR__/WorldSensing/SpatialMap_Dense_BallGame/BallResources/Ball.prefab
  artifactKey: Guid(b1e072504ffc4294c8aa07bfa41ffd95) Importer(2089858483,0ecaa5967403d082aa24f35e1b516d23)
Start importing Assets/Samples/EasyAR Sense Unity Plugin/4.6.5+3052.b2f1b028/__All Handheld AR__/WorldSensing/SpatialMap_Dense_BallGame/BallResources/Ball.prefab using Guid(b1e072504ffc4294c8aa07bfa41ffd95) Importer(2089858483,0ecaa5967403d082aa24f35e1b516d23) [PhysX] Initialized MultithreadedTaskDispatcher with 16 workers.
 -> (artifact id: '70e4947890378159ae4147972306853e') in 0.014088 seconds
Number of updated asset objects reloaded before import = 0
Number of asset objects unloaded after import = 9
========================================================================
Received Import Request.
  Time since last request: 0.000024 seconds.
  path: Assets/Samples/EasyAR Sense Unity Plugin/4.6.5+3052.b2f1b028/__All Handheld AR__/WorldSensing/MotionTracking_Fusion/Scenes/MotionTracking_Fusion.unity
  artifactKey: Guid(6230a298df3d874408bc0532e5387cf4) Importer(2089858483,0ecaa5967403d082aa24f35e1b516d23)
Start importing Assets/Samples/EasyAR Sense Unity Plugin/4.6.5+3052.b2f1b028/__All Handheld AR__/WorldSensing/MotionTracking_Fusion/Scenes/MotionTracking_Fusion.unity using Guid(6230a298df3d874408bc0532e5387cf4) Importer(2089858483,0ecaa5967403d082aa24f35e1b516d23) [PhysX] Initialized MultithreadedTaskDispatcher with 16 workers.
 -> (artifact id: 'c2f45d5e13d1f317a73962bedad1ab5e') in 0.007644 seconds
Number of updated asset objects reloaded before import = 0
Number of asset objects unloaded after import = 1
========================================================================
Received Import Request.
  Time since last request: 0.000030 seconds.
  path: Assets/Samples/EasyAR Sense Unity Plugin/4.6.5+3052.b2f1b028/__All Handheld AR__/WorldSensing/SpatialMap_SparseSpatialMap/Props/RedPacket.prefab
  artifactKey: Guid(2190e14f6cf308a47b1238eabeec2f29) Importer(2089858483,0ecaa5967403d082aa24f35e1b516d23)
Start importing Assets/Samples/EasyAR Sense Unity Plugin/4.6.5+3052.b2f1b028/__All Handheld AR__/WorldSensing/SpatialMap_SparseSpatialMap/Props/RedPacket.prefab using Guid(2190e14f6cf308a47b1238eabeec2f29) Importer(2089858483,0ecaa5967403d082aa24f35e1b516d23) [PhysX] Initialized MultithreadedTaskDispatcher with 16 workers.
 -> (artifact id: 'e71ae849cda40454dcac852d8b226a82') in 0.013878 seconds
Number of updated asset objects reloaded before import = 0
Number of asset objects unloaded after import = 20
========================================================================
Received Import Request.
  Time since last request: 0.000030 seconds.
  path: Assets/Samples/EasyAR Sense Unity Plugin/4.6.5+3052.b2f1b028/__All Handheld AR__/WorldSensing/SpatialMap_Dense_BallGame/Scripts/EasyAR.Sense.Sample.SpatialMap_Dense_BallGame.asmdef
  artifactKey: Guid(976ca5f34a0535c43ad6c62686ffabe0) Importer(2089858483,0ecaa5967403d082aa24f35e1b516d23)
Start importing Assets/Samples/EasyAR Sense Unity Plugin/4.6.5+3052.b2f1b028/__All Handheld AR__/WorldSensing/SpatialMap_Dense_BallGame/Scripts/EasyAR.Sense.Sample.SpatialMap_Dense_BallGame.asmdef using Guid(976ca5f34a0535c43ad6c62686ffabe0) Importer(2089858483,0ecaa5967403d082aa24f35e1b516d23) [PhysX] Initialized MultithreadedTaskDispatcher with 16 workers.
 -> (artifact id: 'ea557c7a1a610133571a7ff159a8ac52') in 0.008983 seconds
Number of updated asset objects reloaded before import = 0
Number of asset objects unloaded after import = 1
========================================================================
Received Import Request.
  Time since last request: 0.000034 seconds.
  path: Assets/Samples/EasyAR Sense Unity Plugin/4.6.5+3052.b2f1b028/__All Handheld AR__/WorldSensing/SpatialMap_Dense_BallGame/BallResources/Physic Material.physicMaterial
  artifactKey: Guid(e77493edeed2ad6418974ce0ef4dbdec) Importer(2089858483,0ecaa5967403d082aa24f35e1b516d23)
Start importing Assets/Samples/EasyAR Sense Unity Plugin/4.6.5+3052.b2f1b028/__All Handheld AR__/WorldSensing/SpatialMap_Dense_BallGame/BallResources/Physic Material.physicMaterial using Guid(e77493edeed2ad6418974ce0ef4dbdec) Importer(2089858483,0ecaa5967403d082aa24f35e1b516d23) [PhysX] Initialized MultithreadedTaskDispatcher with 16 workers.
 -> (artifact id: '8826761d8f1791e1e0d0d8eef346df0b') in 0.007877 seconds
Number of updated asset objects reloaded before import = 0
Number of asset objects unloaded after import = 1
========================================================================
Received Import Request.
  Time since last request: 0.000024 seconds.
  path: Assets/Samples/EasyAR Sense Unity Plugin/4.6.5+3052.b2f1b028/__All Handheld AR__/WorldSensing/MotionTracking/Textures/Mesh.png
  artifactKey: Guid(902118781601fa640a5d5deaa2ca14ae) Importer(2089858483,0ecaa5967403d082aa24f35e1b516d23)
Start importing Assets/Samples/EasyAR Sense Unity Plugin/4.6.5+3052.b2f1b028/__All Handheld AR__/WorldSensing/MotionTracking/Textures/Mesh.png using Guid(902118781601fa640a5d5deaa2ca14ae) Importer(2089858483,0ecaa5967403d082aa24f35e1b516d23) [PhysX] Initialized MultithreadedTaskDispatcher with 16 workers.
 -> (artifact id: 'ef5f1e61a9e15b9a7959bb5f9c1d7fc0') in 0.017233 seconds
Number of updated asset objects reloaded before import = 0
Number of asset objects unloaded after import = 1
========================================================================
Received Import Request.
  Time since last request: 0.000025 seconds.
  path: Assets/Samples/EasyAR Sense Unity Plugin/4.6.5+3052.b2f1b028/__All Handheld AR__/WorldSensing/MotionTracking_ImageTarget/Scenes/MotionTracking_ImageTarget.unity
  artifactKey: Guid(912896bece7b41e4391e7147ec5b24ab) Importer(2089858483,0ecaa5967403d082aa24f35e1b516d23)
Start importing Assets/Samples/EasyAR Sense Unity Plugin/4.6.5+3052.b2f1b028/__All Handheld AR__/WorldSensing/MotionTracking_ImageTarget/Scenes/MotionTracking_ImageTarget.unity using Guid(912896bece7b41e4391e7147ec5b24ab) Importer(2089858483,0ecaa5967403d082aa24f35e1b516d23) [PhysX] Initialized MultithreadedTaskDispatcher with 16 workers.
 -> (artifact id: '8e4e46284a2b5d3c8fe637506c5351df') in 0.006560 seconds
Number of updated asset objects reloaded before import = 0
Number of asset objects unloaded after import = 1
========================================================================
Received Import Request.
  Time since last request: 0.000026 seconds.
  path: Assets/Samples/EasyAR Sense Unity Plugin/4.6.5+3052.b2f1b028/__All Handheld AR__/WorldSensing/MotionTracking_Fusion/Scripts/TouchController.cs
  artifactKey: Guid(78b3fde84db433b4fa9bace017df0301) Importer(2089858483,0ecaa5967403d082aa24f35e1b516d23)
Start importing Assets/Samples/EasyAR Sense Unity Plugin/4.6.5+3052.b2f1b028/__All Handheld AR__/WorldSensing/MotionTracking_Fusion/Scripts/TouchController.cs using Guid(78b3fde84db433b4fa9bace017df0301) Importer(2089858483,0ecaa5967403d082aa24f35e1b516d23) [PhysX] Initialized MultithreadedTaskDispatcher with 16 workers.
 -> (artifact id: 'dad797fffb5d1adc76784b2a59df0b78') in 0.010056 seconds
Number of updated asset objects reloaded before import = 0
Number of asset objects unloaded after import = 1
========================================================================
Received Import Request.
  Time since last request: 0.000023 seconds.
  path: Assets/Samples/EasyAR Sense Unity Plugin/4.6.5+3052.b2f1b028/__All Handheld AR__/WorldSensing/SpatialMap_SparseSpatialMap/Props/Cube.prefab
  artifactKey: Guid(70eb5b2aba2329742bdfe15cfa9289f4) Importer(2089858483,0ecaa5967403d082aa24f35e1b516d23)
Start importing Assets/Samples/EasyAR Sense Unity Plugin/4.6.5+3052.b2f1b028/__All Handheld AR__/WorldSensing/SpatialMap_SparseSpatialMap/Props/Cube.prefab using Guid(70eb5b2aba2329742bdfe15cfa9289f4) Importer(2089858483,0ecaa5967403d082aa24f35e1b516d23) [PhysX] Initialized MultithreadedTaskDispatcher with 16 workers.
 -> (artifact id: '103dd276322c1350aa52579ab3a7020b') in 0.029969 seconds
Number of updated asset objects reloaded before import = 0
Number of asset objects unloaded after import = 7
========================================================================
Received Import Request.
  Time since last request: 0.000046 seconds.
  path: Assets/Samples/EasyAR Sense Unity Plugin/4.6.5+3052.b2f1b028/__All Handheld AR__/WorldSensing/MotionTracking_Fusion/Shaders/EasyARPlane.shader
  artifactKey: Guid(d83415d005daf9247a71498453487903) Importer(2089858483,0ecaa5967403d082aa24f35e1b516d23)
Start importing Assets/Samples/EasyAR Sense Unity Plugin/4.6.5+3052.b2f1b028/__All Handheld AR__/WorldSensing/MotionTracking_Fusion/Shaders/EasyARPlane.shader using Guid(d83415d005daf9247a71498453487903) Importer(2089858483,0ecaa5967403d082aa24f35e1b516d23) [PhysX] Initialized MultithreadedTaskDispatcher with 16 workers.
 -> (artifact id: '5b43fc1820083b471085c8e89f4e9213') in 0.008848 seconds
Number of updated asset objects reloaded before import = 0
Number of asset objects unloaded after import = 1
========================================================================
Received Import Request.
  Time since last request: 0.000019 seconds.
  path: Assets/Samples/EasyAR Sense Unity Plugin/4.6.5+3052.b2f1b028/__All Handheld AR__/WorldSensing/MotionTracking_ImageTarget/Materials/EasyAR.mat
  artifactKey: Guid(d3dc0e7519d365e4bad86961b46b5b32) Importer(2089858483,0ecaa5967403d082aa24f35e1b516d23)
Start importing Assets/Samples/EasyAR Sense Unity Plugin/4.6.5+3052.b2f1b028/__All Handheld AR__/WorldSensing/MotionTracking_ImageTarget/Materials/EasyAR.mat using Guid(d3dc0e7519d365e4bad86961b46b5b32) Importer(2089858483,0ecaa5967403d082aa24f35e1b516d23) [PhysX] Initialized MultithreadedTaskDispatcher with 16 workers.
 -> (artifact id: '979f93677fbbaad56c2999234c3e2125') in 0.011501 seconds
Number of updated asset objects reloaded before import = 0
Number of asset objects unloaded after import = 2
========================================================================
Received Import Request.
  Time since last request: 0.000041 seconds.
  path: Assets/Samples/EasyAR Sense Unity Plugin/4.6.5+3052.b2f1b028/__All Handheld AR__/WorldSensing/SpatialMap_SparseSpatialMap/Materials/BuildMapTool_OutLine.mat
  artifactKey: Guid(537eaef464e9a3f439054849dcb12e0d) Importer(2089858483,0ecaa5967403d082aa24f35e1b516d23)
Start importing Assets/Samples/EasyAR Sense Unity Plugin/4.6.5+3052.b2f1b028/__All Handheld AR__/WorldSensing/SpatialMap_SparseSpatialMap/Materials/BuildMapTool_OutLine.mat using Guid(537eaef464e9a3f439054849dcb12e0d) Importer(2089858483,0ecaa5967403d082aa24f35e1b516d23) [PhysX] Initialized MultithreadedTaskDispatcher with 16 workers.
 -> (artifact id: 'de16ebe05bd81d57dfd2e947a09850d4') in 0.011027 seconds
Number of updated asset objects reloaded before import = 0
Number of asset objects unloaded after import = 2
========================================================================
Received Import Request.
  Time since last request: 0.000026 seconds.
  path: Assets/Samples/EasyAR Sense Unity Plugin/4.6.5+3052.b2f1b028/__All Handheld AR__/WorldSensing/SpatialMap_Dense_BallGame/Scenes/SpatialMap_Dense_BallGame.unity
  artifactKey: Guid(2e824238374dbec428bc4a6184d43df8) Importer(2089858483,0ecaa5967403d082aa24f35e1b516d23)
Start importing Assets/Samples/EasyAR Sense Unity Plugin/4.6.5+3052.b2f1b028/__All Handheld AR__/WorldSensing/SpatialMap_Dense_BallGame/Scenes/SpatialMap_Dense_BallGame.unity using Guid(2e824238374dbec428bc4a6184d43df8) Importer(2089858483,0ecaa5967403d082aa24f35e1b516d23) [PhysX] Initialized MultithreadedTaskDispatcher with 16 workers.
 -> (artifact id: 'dac90b3cc7b48985672db8726ab13ac4') in 0.008305 seconds
Number of updated asset objects reloaded before import = 0
Number of asset objects unloaded after import = 1
========================================================================
Received Import Request.
  Time since last request: 0.000175 seconds.
  path: Assets/Samples/EasyAR Sense Unity Plugin/4.6.5+3052.b2f1b028/__All Handheld AR__/WorldSensing/SpatialMap_SparseSpatialMap/Props/Video.prefab
  artifactKey: Guid(abbf4bbfe32fd7e4a9d52b66cbf40e45) Importer(2089858483,0ecaa5967403d082aa24f35e1b516d23)
Start importing Assets/Samples/EasyAR Sense Unity Plugin/4.6.5+3052.b2f1b028/__All Handheld AR__/WorldSensing/SpatialMap_SparseSpatialMap/Props/Video.prefab using Guid(abbf4bbfe32fd7e4a9d52b66cbf40e45) Importer(2089858483,0ecaa5967403d082aa24f35e1b516d23) [PhysX] Initialized MultithreadedTaskDispatcher with 16 workers.
 -> (artifact id: '300751b8d3e9e27bb09e4c66a991a5a8') in 0.012540 seconds
Number of updated asset objects reloaded before import = 0
Number of asset objects unloaded after import = 12
========================================================================
Received Import Request.
  Time since last request: 0.000029 seconds.
  path: Assets/Samples/EasyAR Sense Unity Plugin/4.6.5+3052.b2f1b028/__All Handheld AR__/WorldSensing/SpatialMap_SparseSpatialMap/Prefabs/Sparse SpatialMap.prefab
  artifactKey: Guid(2a14aa120de2c0444bf5ffeacc1ebc4d) Importer(2089858483,0ecaa5967403d082aa24f35e1b516d23)
Start importing Assets/Samples/EasyAR Sense Unity Plugin/4.6.5+3052.b2f1b028/__All Handheld AR__/WorldSensing/SpatialMap_SparseSpatialMap/Prefabs/Sparse SpatialMap.prefab using Guid(2a14aa120de2c0444bf5ffeacc1ebc4d) Importer(2089858483,0ecaa5967403d082aa24f35e1b516d23) [PhysX] Initialized MultithreadedTaskDispatcher with 16 workers.
 -> (artifact id: '4c91e0c13a03831893166691d3bf31bd') in 0.013964 seconds
Number of updated asset objects reloaded before import = 0
Number of asset objects unloaded after import = 9
========================================================================
Received Import Request.
  Time since last request: 0.000031 seconds.
  path: Assets/Samples/EasyAR Sense Unity Plugin/4.6.5+3052.b2f1b028/__All Handheld AR__/ObjectSensing/MultiTarget_SameImage/Scripts/MultiTargetSameImageSample.cs
  artifactKey: Guid(320500f0beddbba4f99c639a0363fff6) Importer(2089858483,0ecaa5967403d082aa24f35e1b516d23)
Start importing Assets/Samples/EasyAR Sense Unity Plugin/4.6.5+3052.b2f1b028/__All Handheld AR__/ObjectSensing/MultiTarget_SameImage/Scripts/MultiTargetSameImageSample.cs using Guid(320500f0beddbba4f99c639a0363fff6) Importer(2089858483,0ecaa5967403d082aa24f35e1b516d23) [PhysX] Initialized MultithreadedTaskDispatcher with 16 workers.
 -> (artifact id: 'baf92c0f6cb5888e2093a237b19a9498') in 0.009111 seconds
Number of updated asset objects reloaded before import = 0
Number of asset objects unloaded after import = 1
========================================================================
Received Import Request.
  Time since last request: 0.000128 seconds.
  path: Assets/Samples/EasyAR Sense Unity Plugin/4.6.5+3052.b2f1b028/__All Handheld AR__/WorldSensing/SpatialMap_SparseSpatialMap/Scenes/SpatialMap_SparseSpatialMap.unity
  artifactKey: Guid(645e981584f1b444d94efe78e24ee749) Importer(2089858483,0ecaa5967403d082aa24f35e1b516d23)
Start importing Assets/Samples/EasyAR Sense Unity Plugin/4.6.5+3052.b2f1b028/__All Handheld AR__/WorldSensing/SpatialMap_SparseSpatialMap/Scenes/SpatialMap_SparseSpatialMap.unity using Guid(645e981584f1b444d94efe78e24ee749) Importer(2089858483,0ecaa5967403d082aa24f35e1b516d23) [PhysX] Initialized MultithreadedTaskDispatcher with 16 workers.
 -> (artifact id: '99b41949fcf2adc40e4d835bf79bb90e') in 0.006682 seconds
Number of updated asset objects reloaded before import = 0
Number of asset objects unloaded after import = 1
========================================================================
Received Import Request.
  Time since last request: 0.000025 seconds.
  path: Assets/Samples/EasyAR Sense Unity Plugin/4.6.5+3052.b2f1b028/__All Handheld AR__/WorldSensing/SpatialMap_Sparse_Localizing/Textures/EasyAR.jpg
  artifactKey: Guid(ab549f679de4b904d886ac1d0fa8a3ea) Importer(2089858483,0ecaa5967403d082aa24f35e1b516d23)
Start importing Assets/Samples/EasyAR Sense Unity Plugin/4.6.5+3052.b2f1b028/__All Handheld AR__/WorldSensing/SpatialMap_Sparse_Localizing/Textures/EasyAR.jpg using Guid(ab549f679de4b904d886ac1d0fa8a3ea) Importer(2089858483,0ecaa5967403d082aa24f35e1b516d23) [PhysX] Initialized MultithreadedTaskDispatcher with 16 workers.
 -> (artifact id: '0fb7b9e20273269e5582bc5b4c7b4507') in 0.015465 seconds
Number of updated asset objects reloaded before import = 0
Number of asset objects unloaded after import = 1
========================================================================
Received Import Request.
  Time since last request: 0.000025 seconds.
  path: Assets/Samples/EasyAR Sense Unity Plugin/4.6.5+3052.b2f1b028/__All Handheld AR__/WorldSensing/SpatialMap_SparseSpatialMap/Textures/CheckMark.png
  artifactKey: Guid(ad1deed95aa51ce49b24bf84f92941a8) Importer(2089858483,0ecaa5967403d082aa24f35e1b516d23)
Start importing Assets/Samples/EasyAR Sense Unity Plugin/4.6.5+3052.b2f1b028/__All Handheld AR__/WorldSensing/SpatialMap_SparseSpatialMap/Textures/CheckMark.png using Guid(ad1deed95aa51ce49b24bf84f92941a8) Importer(2089858483,0ecaa5967403d082aa24f35e1b516d23) [PhysX] Initialized MultithreadedTaskDispatcher with 16 workers.
 -> (artifact id: 'c496223b08c34b413c8a3008998ebd5b') in 0.015318 seconds
Number of updated asset objects reloaded before import = 0
Number of asset objects unloaded after import = 3
========================================================================
Received Import Request.
  Time since last request: 0.000031 seconds.
  path: Assets/Samples/EasyAR Sense Unity Plugin/4.6.5+3052.b2f1b028/__All Handheld AR__/WorldSensing/SpatialMap_Sparse_Building/Scripts/TouchController.cs
  artifactKey: Guid(b0a21622ede33a84195806002d81ef4b) Importer(2089858483,0ecaa5967403d082aa24f35e1b516d23)
Start importing Assets/Samples/EasyAR Sense Unity Plugin/4.6.5+3052.b2f1b028/__All Handheld AR__/WorldSensing/SpatialMap_Sparse_Building/Scripts/TouchController.cs using Guid(b0a21622ede33a84195806002d81ef4b) Importer(2089858483,0ecaa5967403d082aa24f35e1b516d23) [PhysX] Initialized MultithreadedTaskDispatcher with 16 workers.
 -> (artifact id: '765778e21e6eaaaca6dc0fd3441dc136') in 0.007015 seconds
Number of updated asset objects reloaded before import = 0
Number of asset objects unloaded after import = 1
========================================================================
Received Import Request.
  Time since last request: 0.000023 seconds.
  path: Assets/Samples/EasyAR Sense Unity Plugin/4.6.5+3052.b2f1b028/__All Handheld AR__/WorldSensing/SpatialMap_Sparse_ImageTarget/Textures/EasyAR.jpg
  artifactKey: Guid(3e7404d7330eafd4ba48511b04821445) Importer(2089858483,0ecaa5967403d082aa24f35e1b516d23)
Start importing Assets/Samples/EasyAR Sense Unity Plugin/4.6.5+3052.b2f1b028/__All Handheld AR__/WorldSensing/SpatialMap_Sparse_ImageTarget/Textures/EasyAR.jpg using Guid(3e7404d7330eafd4ba48511b04821445) Importer(2089858483,0ecaa5967403d082aa24f35e1b516d23) [PhysX] Initialized MultithreadedTaskDispatcher with 16 workers.
 -> (artifact id: '720e83b53dcbda83e17ef9056235925e') in 0.037713 seconds
Number of updated asset objects reloaded before import = 0
Number of asset objects unloaded after import = 1
========================================================================
Received Import Request.
  Time since last request: 0.000033 seconds.
  path: Assets/Samples/EasyAR Sense Unity Plugin/4.6.5+3052.b2f1b028/__All Handheld AR__/WorldSensing/SpatialMap_Sparse_ImageTarget/Scenes/SpatialMap_Sparse_ImageTarget.unity
  artifactKey: Guid(a00e0fae6db8318408c0ccaf046075fa) Importer(2089858483,0ecaa5967403d082aa24f35e1b516d23)
Start importing Assets/Samples/EasyAR Sense Unity Plugin/4.6.5+3052.b2f1b028/__All Handheld AR__/WorldSensing/SpatialMap_Sparse_ImageTarget/Scenes/SpatialMap_Sparse_ImageTarget.unity using Guid(a00e0fae6db8318408c0ccaf046075fa) Importer(2089858483,0ecaa5967403d082aa24f35e1b516d23) [PhysX] Initialized MultithreadedTaskDispatcher with 16 workers.
 -> (artifact id: 'ff28f15207bc1ddeb2b613e79c07e63d') in 0.006892 seconds
Number of updated asset objects reloaded before import = 0
Number of asset objects unloaded after import = 1
========================================================================
Received Import Request.
  Time since last request: 0.000037 seconds.
  path: Assets/Samples/EasyAR Sense Unity Plugin/4.6.5+3052.b2f1b028/__All Handheld AR__/WorldSensing/SpatialMap_Sparse_Localizing/Scenes/SpatialMap_Sparse_Localizing.unity
  artifactKey: Guid(3254dcec68ff11a47a7a2a487f96e470) Importer(2089858483,0ecaa5967403d082aa24f35e1b516d23)
Start importing Assets/Samples/EasyAR Sense Unity Plugin/4.6.5+3052.b2f1b028/__All Handheld AR__/WorldSensing/SpatialMap_Sparse_Localizing/Scenes/SpatialMap_Sparse_Localizing.unity using Guid(3254dcec68ff11a47a7a2a487f96e470) Importer(2089858483,0ecaa5967403d082aa24f35e1b516d23) [PhysX] Initialized MultithreadedTaskDispatcher with 16 workers.
 -> (artifact id: '4d341d49d90217f0b90ab789e824d9e8') in 0.007598 seconds
Number of updated asset objects reloaded before import = 0
Number of asset objects unloaded after import = 1
========================================================================
Received Import Request.
  Time since last request: 0.000034 seconds.
  path: Assets/Samples/EasyAR Sense Unity Plugin/4.6.5+3052.b2f1b028/__All Handheld AR__/WorldSensing/SpatialMap_Sparse_Dense_Building/Scripts/MapBuilding_Sparse_DenseSample.cs
  artifactKey: Guid(03cc454370d1eca43a1e579c1db60432) Importer(2089858483,0ecaa5967403d082aa24f35e1b516d23)
Start importing Assets/Samples/EasyAR Sense Unity Plugin/4.6.5+3052.b2f1b028/__All Handheld AR__/WorldSensing/SpatialMap_Sparse_Dense_Building/Scripts/MapBuilding_Sparse_DenseSample.cs using Guid(03cc454370d1eca43a1e579c1db60432) Importer(2089858483,0ecaa5967403d082aa24f35e1b516d23) [PhysX] Initialized MultithreadedTaskDispatcher with 16 workers.
 -> (artifact id: 'ae67f941245019c84257dfd390e46ce2') in 0.009400 seconds
Number of updated asset objects reloaded before import = 0
Number of asset objects unloaded after import = 1
========================================================================
Received Import Request.
  Time since last request: 0.000028 seconds.
  path: Assets/Samples/EasyAR Sense Unity Plugin/4.6.5+3052.b2f1b028/__All Handheld AR__/WorldSensing/SpatialMap_Sparse_Building/Materials/EasyAR.mat
  artifactKey: Guid(2f30c9b974856364c989f5dd0483b104) Importer(2089858483,0ecaa5967403d082aa24f35e1b516d23)
Start importing Assets/Samples/EasyAR Sense Unity Plugin/4.6.5+3052.b2f1b028/__All Handheld AR__/WorldSensing/SpatialMap_Sparse_Building/Materials/EasyAR.mat using Guid(2f30c9b974856364c989f5dd0483b104) Importer(2089858483,0ecaa5967403d082aa24f35e1b516d23) [PhysX] Initialized MultithreadedTaskDispatcher with 16 workers.
 -> (artifact id: 'ffba61abf823562865a0acde2e9266c6') in 0.015120 seconds
Number of updated asset objects reloaded before import = 0
Number of asset objects unloaded after import = 2
========================================================================
Received Import Request.
  Time since last request: 0.000027 seconds.
  path: Assets/Samples/EasyAR Sense Unity Plugin/4.6.5+3052.b2f1b028/__All Handheld AR__/WorldSensing/SpatialMap_Sparse_ImageTarget/Scripts/TouchController.cs
  artifactKey: Guid(34d67eb5f4efb7c4db5f55f06b3d05a2) Importer(2089858483,0ecaa5967403d082aa24f35e1b516d23)
Start importing Assets/Samples/EasyAR Sense Unity Plugin/4.6.5+3052.b2f1b028/__All Handheld AR__/WorldSensing/SpatialMap_Sparse_ImageTarget/Scripts/TouchController.cs using Guid(34d67eb5f4efb7c4db5f55f06b3d05a2) Importer(2089858483,0ecaa5967403d082aa24f35e1b516d23) [PhysX] Initialized MultithreadedTaskDispatcher with 16 workers.
 -> (artifact id: 'c99c24ddc11532473881fb734e924822') in 0.007615 seconds
Number of updated asset objects reloaded before import = 0
Number of asset objects unloaded after import = 1
========================================================================
Received Import Request.
  Time since last request: 0.000028 seconds.
  path: Assets/Samples/EasyAR Sense Unity Plugin/4.6.5+3052.b2f1b028/__All Handheld AR__/WorldSensing/SpatialMap_Sparse_Dense_Building/Scripts/TouchController.cs
  artifactKey: Guid(10aa39a2f06a2a041a2689bc78210c93) Importer(2089858483,0ecaa5967403d082aa24f35e1b516d23)
Start importing Assets/Samples/EasyAR Sense Unity Plugin/4.6.5+3052.b2f1b028/__All Handheld AR__/WorldSensing/SpatialMap_Sparse_Dense_Building/Scripts/TouchController.cs using Guid(10aa39a2f06a2a041a2689bc78210c93) Importer(2089858483,0ecaa5967403d082aa24f35e1b516d23) [PhysX] Initialized MultithreadedTaskDispatcher with 16 workers.
 -> (artifact id: 'c9559fd35d12f6e1469179cb1b7371a3') in 0.007746 seconds
Number of updated asset objects reloaded before import = 0
Number of asset objects unloaded after import = 1
========================================================================
Received Import Request.
  Time since last request: 0.000026 seconds.
  path: Assets/Samples/EasyAR Sense Unity Plugin/4.6.5+3052.b2f1b028/__All Handheld AR__/WorldSensing/SpatialMap_Sparse_Dense_Building/Scenes/SpatialMap_Sparse_Dense_Building.unity
  artifactKey: Guid(f15afc49bdc8de843bb1ca51bfb500ab) Importer(2089858483,0ecaa5967403d082aa24f35e1b516d23)
Start importing Assets/Samples/EasyAR Sense Unity Plugin/4.6.5+3052.b2f1b028/__All Handheld AR__/WorldSensing/SpatialMap_Sparse_Dense_Building/Scenes/SpatialMap_Sparse_Dense_Building.unity using Guid(f15afc49bdc8de843bb1ca51bfb500ab) Importer(2089858483,0ecaa5967403d082aa24f35e1b516d23) [PhysX] Initialized MultithreadedTaskDispatcher with 16 workers.
 -> (artifact id: 'e322bfbfdf1ade611ea004dff9f9bd14') in 0.008076 seconds
Number of updated asset objects reloaded before import = 0
Number of asset objects unloaded after import = 1
========================================================================
Received Import Request.
  Time since last request: 0.000029 seconds.
  path: Assets/Samples/EasyAR Sense Unity Plugin/4.6.5+3052.b2f1b028/__All Handheld AR__/WorldSensing/SpatialMap_SparseSpatialMap/Textures/back@3x.png
  artifactKey: Guid(23673ff8091106049a576f1defc3971e) Importer(2089858483,0ecaa5967403d082aa24f35e1b516d23)
Start importing Assets/Samples/EasyAR Sense Unity Plugin/4.6.5+3052.b2f1b028/__All Handheld AR__/WorldSensing/SpatialMap_SparseSpatialMap/Textures/back@3x.png using Guid(23673ff8091106049a576f1defc3971e) Importer(2089858483,0ecaa5967403d082aa24f35e1b516d23) [PhysX] Initialized MultithreadedTaskDispatcher with 16 workers.
 -> (artifact id: 'f416f31e64d42e838eb2b623ce46d62b') in 0.017997 seconds
Number of updated asset objects reloaded before import = 0
Number of asset objects unloaded after import = 3
========================================================================
Received Import Request.
  Time since last request: 0.000031 seconds.
  path: Assets/Samples/EasyAR Sense Unity Plugin/4.6.5+3052.b2f1b028/__All Handheld AR__/WorldSensing/SpatialMap_Sparse_Localizing/Materials/EasyAR.mat
  artifactKey: Guid(915195358090baf47af8cf67b5be7651) Importer(2089858483,0ecaa5967403d082aa24f35e1b516d23)
Start importing Assets/Samples/EasyAR Sense Unity Plugin/4.6.5+3052.b2f1b028/__All Handheld AR__/WorldSensing/SpatialMap_Sparse_Localizing/Materials/EasyAR.mat using Guid(915195358090baf47af8cf67b5be7651) Importer(2089858483,0ecaa5967403d082aa24f35e1b516d23) [PhysX] Initialized MultithreadedTaskDispatcher with 16 workers.
 -> (artifact id: '6936c0a4e5330fe53cf885663b0bd0d9') in 0.014155 seconds
Number of updated asset objects reloaded before import = 0
Number of asset objects unloaded after import = 2
========================================================================
Received Import Request.
  Time since last request: 0.000043 seconds.
  path: Assets/Samples/EasyAR Sense Unity Plugin/4.6.5+3052.b2f1b028/__All Handheld AR__/WorldSensing/SpatialMap_SparseSpatialMap/Shaders/MirrorTexture.shader
  artifactKey: Guid(f56de29b96ceff94caf2647968802fc1) Importer(2089858483,0ecaa5967403d082aa24f35e1b516d23)
Start importing Assets/Samples/EasyAR Sense Unity Plugin/4.6.5+3052.b2f1b028/__All Handheld AR__/WorldSensing/SpatialMap_SparseSpatialMap/Shaders/MirrorTexture.shader using Guid(f56de29b96ceff94caf2647968802fc1) Importer(2089858483,0ecaa5967403d082aa24f35e1b516d23) [PhysX] Initialized MultithreadedTaskDispatcher with 16 workers.
 -> (artifact id: '198fa2bf0ce252502aad0af764e2af3a') in 0.009568 seconds
Number of updated asset objects reloaded before import = 0
Number of asset objects unloaded after import = 1
========================================================================
Received Import Request.
  Time since last request: 0.000034 seconds.
  path: Assets/Samples/EasyAR Sense Unity Plugin/4.6.5+3052.b2f1b028/__All Handheld AR__/DeviceSupport/Camera_CustomCamera/Materials/namecard.mat
  artifactKey: Guid(64c2f27cf3de2ab49932038197795eed) Importer(2089858483,0ecaa5967403d082aa24f35e1b516d23)
Start importing Assets/Samples/EasyAR Sense Unity Plugin/4.6.5+3052.b2f1b028/__All Handheld AR__/DeviceSupport/Camera_CustomCamera/Materials/namecard.mat using Guid(64c2f27cf3de2ab49932038197795eed) Importer(2089858483,0ecaa5967403d082aa24f35e1b516d23) [PhysX] Initialized MultithreadedTaskDispatcher with 16 workers.
 -> (artifact id: '978123f17630427e6e227cd9703f6f18') in 0.013144 seconds
Number of updated asset objects reloaded before import = 0
Number of asset objects unloaded after import = 2
========================================================================
Received Import Request.
  Time since last request: 0.000038 seconds.
  path: Assets/Samples/EasyAR Sense Unity Plugin/4.6.5+3052.b2f1b028/__All Handheld AR__/DeviceSupport/VideoRecording/Scripts/CameraRecorder.cs
  artifactKey: Guid(ba751a5d7efe1674b81766ae7c27de34) Importer(2089858483,0ecaa5967403d082aa24f35e1b516d23)
Start importing Assets/Samples/EasyAR Sense Unity Plugin/4.6.5+3052.b2f1b028/__All Handheld AR__/DeviceSupport/VideoRecording/Scripts/CameraRecorder.cs using Guid(ba751a5d7efe1674b81766ae7c27de34) Importer(2089858483,0ecaa5967403d082aa24f35e1b516d23) [PhysX] Initialized MultithreadedTaskDispatcher with 16 workers.
 -> (artifact id: 'bb65a4aa449b4cd8af93c2aa309dc87d') in 0.008129 seconds
Number of updated asset objects reloaded before import = 0
Number of asset objects unloaded after import = 1
========================================================================
Received Import Request.
  Time since last request: 0.000023 seconds.
  path: Assets/Samples/EasyAR Sense Unity Plugin/4.6.5+3052.b2f1b028/__All Handheld AR__/ObjectSensing/ObjectTracking/Models/hexagon.obj
  artifactKey: Guid(ab12a2a2ee1670249a9465ddf03692f1) Importer(2089858483,0ecaa5967403d082aa24f35e1b516d23)
Start importing Assets/Samples/EasyAR Sense Unity Plugin/4.6.5+3052.b2f1b028/__All Handheld AR__/ObjectSensing/ObjectTracking/Models/hexagon.obj using Guid(ab12a2a2ee1670249a9465ddf03692f1) Importer(2089858483,0ecaa5967403d082aa24f35e1b516d23) [PhysX] Initialized MultithreadedTaskDispatcher with 16 workers.
 -> (artifact id: '76f88a45e58e78da1188d001a18c74f0') in 0.013291 seconds
Number of updated asset objects reloaded before import = 0
Number of asset objects unloaded after import = 9
========================================================================
Received Import Request.
  Time since last request: 0.000031 seconds.
  path: Assets/Samples/EasyAR Sense Unity Plugin/4.6.5+3052.b2f1b028/__All Handheld AR__/ObjectSensing/ImageTracking_Video/Scenes/ImageTracking_Video.unity
  artifactKey: Guid(26dd799d8465cd549887514f75c5546e) Importer(2089858483,0ecaa5967403d082aa24f35e1b516d23)
Start importing Assets/Samples/EasyAR Sense Unity Plugin/4.6.5+3052.b2f1b028/__All Handheld AR__/ObjectSensing/ImageTracking_Video/Scenes/ImageTracking_Video.unity using Guid(26dd799d8465cd549887514f75c5546e) Importer(2089858483,0ecaa5967403d082aa24f35e1b516d23) [PhysX] Initialized MultithreadedTaskDispatcher with 16 workers.
 -> (artifact id: 'f5219c893894f63374a25a43051b5b57') in 0.006596 seconds
Number of updated asset objects reloaded before import = 0
Number of asset objects unloaded after import = 1
========================================================================
Received Import Request.
  Time since last request: 0.000029 seconds.
  path: Assets/Samples/XR Interaction Toolkit/3.0.4/Starter Assets/Presets/XRI Default Snap Turn.preset
  artifactKey: Guid(5d3a60dbf2f04694f9060712df89debb) Importer(2089858483,0ecaa5967403d082aa24f35e1b516d23)
Start importing Assets/Samples/XR Interaction Toolkit/3.0.4/Starter Assets/Presets/XRI Default Snap Turn.preset using Guid(5d3a60dbf2f04694f9060712df89debb) Importer(2089858483,0ecaa5967403d082aa24f35e1b516d23) [PhysX] Initialized MultithreadedTaskDispatcher with 16 workers.
 -> (artifact id: '24a17dabcc30baa6da5706de9306a3dc') in 0.011815 seconds
Number of updated asset objects reloaded before import = 0
Number of asset objects unloaded after import = 5
========================================================================
Received Import Request.
  Time since last request: 0.000023 seconds.
  path: Assets/Samples/EasyAR Sense Unity Plugin/4.6.5+3052.b2f1b028/__All Handheld AR__/WorldSensing/SpatialMap_SparseSpatialMap/Props/Picture@3x.png
  artifactKey: Guid(5e438f8c7d102e6478242b3d5423f998) Importer(2089858483,0ecaa5967403d082aa24f35e1b516d23)
Start importing Assets/Samples/EasyAR Sense Unity Plugin/4.6.5+3052.b2f1b028/__All Handheld AR__/WorldSensing/SpatialMap_SparseSpatialMap/Props/Picture@3x.png using Guid(5e438f8c7d102e6478242b3d5423f998) Importer(2089858483,0ecaa5967403d082aa24f35e1b516d23) [PhysX] Initialized MultithreadedTaskDispatcher with 16 workers.
 -> (artifact id: '1653f165e8a48d0ce6e1d126c6cbc932') in 0.033396 seconds
Number of updated asset objects reloaded before import = 0
Number of asset objects unloaded after import = 3
========================================================================
Received Import Request.
  Time since last request: 0.000028 seconds.
  path: Assets/Samples/EasyAR Sense Unity Plugin/4.6.5+3052.b2f1b028/__All Handheld AR__/ObjectSensing/ImageTracking_CloudRecognition/Resources/Materials/EasyAR.mat
  artifactKey: Guid(27c01713ffc551149abe871d7ccd883a) Importer(2089858483,0ecaa5967403d082aa24f35e1b516d23)
Start importing Assets/Samples/EasyAR Sense Unity Plugin/4.6.5+3052.b2f1b028/__All Handheld AR__/ObjectSensing/ImageTracking_CloudRecognition/Resources/Materials/EasyAR.mat using Guid(27c01713ffc551149abe871d7ccd883a) Importer(2089858483,0ecaa5967403d082aa24f35e1b516d23) [PhysX] Initialized MultithreadedTaskDispatcher with 16 workers.
 -> (artifact id: '46c5c0940d993cb448eacde249aa21b3') in 0.011293 seconds
Number of updated asset objects reloaded before import = 0
Number of asset objects unloaded after import = 2
========================================================================
Received Import Request.
  Time since last request: 0.000031 seconds.
  path: Assets/Samples/XR Interaction Toolkit/3.0.4/Starter Assets/DemoSceneAssets/Prefabs/Interactables/Blaser.prefab
  artifactKey: Guid(3549fdaf258e11846b85a316c16c699c) Importer(2089858483,0ecaa5967403d082aa24f35e1b516d23)
Start importing Assets/Samples/XR Interaction Toolkit/3.0.4/Starter Assets/DemoSceneAssets/Prefabs/Interactables/Blaser.prefab using Guid(3549fdaf258e11846b85a316c16c699c) Importer(2089858483,0ecaa5967403d082aa24f35e1b516d23) [PhysX] Initialized MultithreadedTaskDispatcher with 16 workers.
 -> (artifact id: 'fa63db8798d8054ebec767d2b5fe6433') in 0.019782 seconds
Number of updated asset objects reloaded before import = 0
Number of asset objects unloaded after import = 29
========================================================================
Received Import Request.
  Time since last request: 0.000041 seconds.
  path: Assets/Samples/XR Interaction Toolkit/3.0.4/Starter Assets/DemoSceneAssets/Prefabs/Climb/Ladder.prefab
  artifactKey: Guid(b3830b3b2f190ee46a9c88433e985221) Importer(2089858483,0ecaa5967403d082aa24f35e1b516d23)
Start importing Assets/Samples/XR Interaction Toolkit/3.0.4/Starter Assets/DemoSceneAssets/Prefabs/Climb/Ladder.prefab using Guid(b3830b3b2f190ee46a9c88433e985221) Importer(2089858483,0ecaa5967403d082aa24f35e1b516d23) [PhysX] Initialized MultithreadedTaskDispatcher with 16 workers.
 -> (artifact id: '0635410670b5c40dd04a4628ce2dd2e6') in 0.017101 seconds
Number of updated asset objects reloaded before import = 0
Number of asset objects unloaded after import = 141
========================================================================
Received Import Request.
  Time since last request: 0.000026 seconds.
  path: Assets/Samples/XR Interaction Toolkit/3.0.4/Starter Assets/DemoSceneAssets/Prefabs/Interactables/Interactable Simple Cube.prefab
  artifactKey: Guid(2e16046ebcbcb6742a86569d82e56cce) Importer(2089858483,0ecaa5967403d082aa24f35e1b516d23)
Start importing Assets/Samples/XR Interaction Toolkit/3.0.4/Starter Assets/DemoSceneAssets/Prefabs/Interactables/Interactable Simple Cube.prefab using Guid(2e16046ebcbcb6742a86569d82e56cce) Importer(2089858483,0ecaa5967403d082aa24f35e1b516d23) [PhysX] Initialized MultithreadedTaskDispatcher with 16 workers.
 -> (artifact id: '31ca742186c77e052c6e9d46ba462927') in 0.020802 seconds
Number of updated asset objects reloaded before import = 0
Number of asset objects unloaded after import = 18
========================================================================
Received Import Request.
  Time since last request: 0.000037 seconds.
  path: Assets/Samples/EasyAR Sense Unity Plugin/4.6.5+3052.b2f1b028/__All Handheld AR__/DeviceSupport/Camera_CustomCamera/Runtime/iOS/MyCamera.mm
  artifactKey: Guid(7b5287202e5667c44b3d124bade281fe) Importer(2089858483,0ecaa5967403d082aa24f35e1b516d23)
Start importing Assets/Samples/EasyAR Sense Unity Plugin/4.6.5+3052.b2f1b028/__All Handheld AR__/DeviceSupport/Camera_CustomCamera/Runtime/iOS/MyCamera.mm using Guid(7b5287202e5667c44b3d124bade281fe) Importer(2089858483,0ecaa5967403d082aa24f35e1b516d23) [PhysX] Initialized MultithreadedTaskDispatcher with 16 workers.
 -> (artifact id: '26b0f2a1c10f7627d11902a5c9514173') in 0.010246 seconds
Number of updated asset objects reloaded before import = 0
Number of asset objects unloaded after import = 1
========================================================================
Received Import Request.
  Time since last request: 0.000023 seconds.
  path: Assets/Samples/EasyAR Sense Unity Plugin/4.6.5+3052.b2f1b028/__All Handheld AR__/WorldSensing/SurfaceTracking_ImageTarget/Scripts/TouchController.cs
  artifactKey: Guid(7fe3a09993ef4c34d812836ed5fcd2db) Importer(2089858483,0ecaa5967403d082aa24f35e1b516d23)
Start importing Assets/Samples/EasyAR Sense Unity Plugin/4.6.5+3052.b2f1b028/__All Handheld AR__/WorldSensing/SurfaceTracking_ImageTarget/Scripts/TouchController.cs using Guid(7fe3a09993ef4c34d812836ed5fcd2db) Importer(2089858483,0ecaa5967403d082aa24f35e1b516d23) [PhysX] Initialized MultithreadedTaskDispatcher with 16 workers.
 -> (artifact id: '3ed0419fc12101a99594a636f7c3b9f7') in 0.008116 seconds
Number of updated asset objects reloaded before import = 0
Number of asset objects unloaded after import = 1
========================================================================
Received Import Request.
  Time since last request: 0.000025 seconds.
  path: Assets/Samples/XR Interaction Toolkit/3.0.4/Starter Assets/DemoSceneAssets/Prefabs/Interactables/Interaction Affordance.prefab
  artifactKey: Guid(eb9104ef66b7305468adb3697fdeed5e) Importer(2089858483,0ecaa5967403d082aa24f35e1b516d23)
Start importing Assets/Samples/XR Interaction Toolkit/3.0.4/Starter Assets/DemoSceneAssets/Prefabs/Interactables/Interaction Affordance.prefab using Guid(eb9104ef66b7305468adb3697fdeed5e) Importer(2089858483,0ecaa5967403d082aa24f35e1b516d23) [PhysX] Initialized MultithreadedTaskDispatcher with 16 workers.
 -> (artifact id: '6c7cfec98f3ea3bcb31d9331d68c8c95') in 0.018767 seconds
Number of updated asset objects reloaded before import = 0
Number of asset objects unloaded after import = 10
========================================================================
Received Import Request.
  Time since last request: 0.000062 seconds.
  path: Assets/Samples/XR Interaction Toolkit/3.0.4/Starter Assets/DemoSceneAssets/Prefabs/Interactables/Dynamic Attach Torus.prefab
  artifactKey: Guid(833cb867d186193418fc107735ae3139) Importer(2089858483,0ecaa5967403d082aa24f35e1b516d23)
Start importing Assets/Samples/XR Interaction Toolkit/3.0.4/Starter Assets/DemoSceneAssets/Prefabs/Interactables/Dynamic Attach Torus.prefab using Guid(833cb867d186193418fc107735ae3139) Importer(2089858483,0ecaa5967403d082aa24f35e1b516d23) [PhysX] Initialized MultithreadedTaskDispatcher with 16 workers.
 -> (artifact id: '77a741404587c01195812c55eeebe1ad') in 0.035857 seconds
Number of updated asset objects reloaded before import = 0
Number of asset objects unloaded after import = 22
========================================================================
Received Import Request.
  Time since last request: 0.000020 seconds.
  path: Assets/Samples/EasyAR Sense Unity Plugin/4.6.5+3052.b2f1b028/__All Handheld AR__/WorldSensing/SurfaceTracking_ImageTarget/Scenes/SurfaceTracking_ImageTarget.unity
  artifactKey: Guid(647dd780d097cf84da4ba6e56371e912) Importer(2089858483,0ecaa5967403d082aa24f35e1b516d23)
Start importing Assets/Samples/EasyAR Sense Unity Plugin/4.6.5+3052.b2f1b028/__All Handheld AR__/WorldSensing/SurfaceTracking_ImageTarget/Scenes/SurfaceTracking_ImageTarget.unity using Guid(647dd780d097cf84da4ba6e56371e912) Importer(2089858483,0ecaa5967403d082aa24f35e1b516d23) [PhysX] Initialized MultithreadedTaskDispatcher with 16 workers.
 -> (artifact id: '40ac8bfb080d879ad92c51d7045093cf') in 0.006396 seconds
Number of updated asset objects reloaded before import = 0
Number of asset objects unloaded after import = 1
========================================================================
Received Import Request.
  Time since last request: 0.000023 seconds.
  path: Assets/Samples/EasyAR Sense Unity Plugin/4.6.5+3052.b2f1b028/__All Handheld AR__/WorldSensing/SurfaceTracking_ImageTarget/Scripts/UIController.cs
  artifactKey: Guid(f0d694773af381d4d85eacdd5f44dcf5) Importer(2089858483,0ecaa5967403d082aa24f35e1b516d23)
Start importing Assets/Samples/EasyAR Sense Unity Plugin/4.6.5+3052.b2f1b028/__All Handheld AR__/WorldSensing/SurfaceTracking_ImageTarget/Scripts/UIController.cs using Guid(f0d694773af381d4d85eacdd5f44dcf5) Importer(2089858483,0ecaa5967403d082aa24f35e1b516d23) [PhysX] Initialized MultithreadedTaskDispatcher with 16 workers.
 -> (artifact id: '2b52170cbeef4907a9de84a5eefd32c4') in 0.007781 seconds
Number of updated asset objects reloaded before import = 0
Number of asset objects unloaded after import = 1
========================================================================
Received Import Request.
  Time since last request: 0.000026 seconds.
  path: Assets/Samples/EasyAR Sense Unity Plugin/4.6.5+3052.b2f1b028/__All Handheld AR__/DeviceSupport/Camera_CustomCamera/Runtime/iOS/MyCamera.h
  artifactKey: Guid(ab0299a057e9e5e448e50cba7097da3a) Importer(2089858483,0ecaa5967403d082aa24f35e1b516d23)
Start importing Assets/Samples/EasyAR Sense Unity Plugin/4.6.5+3052.b2f1b028/__All Handheld AR__/DeviceSupport/Camera_CustomCamera/Runtime/iOS/MyCamera.h using Guid(ab0299a057e9e5e448e50cba7097da3a) Importer(2089858483,0ecaa5967403d082aa24f35e1b516d23) [PhysX] Initialized MultithreadedTaskDispatcher with 16 workers.
 -> (artifact id: '34ece68d2eb48eff0deb4156edfb9a41') in 0.008786 seconds
Number of updated asset objects reloaded before import = 0
Number of asset objects unloaded after import = 1
========================================================================
Received Import Request.
  Time since last request: 0.000021 seconds.
  path: Assets/Samples/XR Interaction Toolkit/3.0.4/Starter Assets/DemoSceneAssets/Prefabs/UI/Icon Button.prefab
  artifactKey: Guid(56686f82f64b0af4688a89676403a500) Importer(2089858483,0ecaa5967403d082aa24f35e1b516d23)
Start importing Assets/Samples/XR Interaction Toolkit/3.0.4/Starter Assets/DemoSceneAssets/Prefabs/UI/Icon Button.prefab using Guid(56686f82f64b0af4688a89676403a500) Importer(2089858483,0ecaa5967403d082aa24f35e1b516d23) [PhysX] Initialized MultithreadedTaskDispatcher with 16 workers.
 -> (artifact id: 'e45ca4d3a91e6bc5e29bb4c4eee87d2f') in 0.040673 seconds
Number of updated asset objects reloaded before import = 0
Number of asset objects unloaded after import = 24
========================================================================
Received Import Request.
  Time since last request: 0.000027 seconds.
  path: Assets/Samples/XR Interaction Toolkit/3.0.4/Starter Assets/DemoSceneAssets/Prefabs/UI/TextButton.prefab
  artifactKey: Guid(e5db301629853dd4a99835fa70099d79) Importer(2089858483,0ecaa5967403d082aa24f35e1b516d23)
Start importing Assets/Samples/XR Interaction Toolkit/3.0.4/Starter Assets/DemoSceneAssets/Prefabs/UI/TextButton.prefab using Guid(e5db301629853dd4a99835fa70099d79) Importer(2089858483,0ecaa5967403d082aa24f35e1b516d23) [PhysX] Initialized MultithreadedTaskDispatcher with 16 workers.
 -> (artifact id: '7ec0a36fa9907b1e64011d01e804bfb8') in 0.042174 seconds
Number of updated asset objects reloaded before import = 0
Number of asset objects unloaded after import = 24
========================================================================
Received Import Request.
  Time since last request: 0.000053 seconds.
  path: Assets/Samples/XR Interaction Toolkit/3.0.4/Starter Assets/DemoSceneAssets/Prefabs/UI/MinMaxSlider.prefab
  artifactKey: Guid(657321a07c3561043af55547ec4b0ed7) Importer(2089858483,0ecaa5967403d082aa24f35e1b516d23)
Start importing Assets/Samples/XR Interaction Toolkit/3.0.4/Starter Assets/DemoSceneAssets/Prefabs/UI/MinMaxSlider.prefab using Guid(657321a07c3561043af55547ec4b0ed7) Importer(2089858483,0ecaa5967403d082aa24f35e1b516d23) [PhysX] Initialized MultithreadedTaskDispatcher with 16 workers.
 -> (artifact id: '8030a6f576b9acf0d37c06ea26396770') in 0.024122 seconds
Number of updated asset objects reloaded before import = 0
Number of asset objects unloaded after import = 26
========================================================================
Received Import Request.
  Time since last request: 0.000023 seconds.
  path: Assets/Samples/XR Interaction Toolkit/3.0.4/Starter Assets/DemoSceneAssets/Prefabs/Climb/Climbing Wall.prefab
  artifactKey: Guid(a0ea40bd139aedc43b0e8374d6139437) Importer(2089858483,0ecaa5967403d082aa24f35e1b516d23)
Start importing Assets/Samples/XR Interaction Toolkit/3.0.4/Starter Assets/DemoSceneAssets/Prefabs/Climb/Climbing Wall.prefab using Guid(a0ea40bd139aedc43b0e8374d6139437) Importer(2089858483,0ecaa5967403d082aa24f35e1b516d23) [PhysX] Initialized MultithreadedTaskDispatcher with 16 workers.
 -> (artifact id: '67f4953b0744f99963b322a2b6295297') in 0.014250 seconds
Number of updated asset objects reloaded before import = 0
Number of asset objects unloaded after import = 345
========================================================================
Received Import Request.
  Time since last request: 0.000028 seconds.
  path: Assets/Samples/EasyAR Sense Unity Plugin/4.6.5+3052.b2f1b028/__All Handheld AR__/ObjectSensing/ImageTracking_Targets/Duck/Materials/duck03.mat
  artifactKey: Guid(7d6d778d8db69854aa7c2ed3b1f6be44) Importer(2089858483,0ecaa5967403d082aa24f35e1b516d23)
Start importing Assets/Samples/EasyAR Sense Unity Plugin/4.6.5+3052.b2f1b028/__All Handheld AR__/ObjectSensing/ImageTracking_Targets/Duck/Materials/duck03.mat using Guid(7d6d778d8db69854aa7c2ed3b1f6be44) Importer(2089858483,0ecaa5967403d082aa24f35e1b516d23) [PhysX] Initialized MultithreadedTaskDispatcher with 16 workers.
 -> (artifact id: 'd35fd2fc976f257e6c31f0a6613335fc') in 0.013543 seconds
Number of updated asset objects reloaded before import = 0
Number of asset objects unloaded after import = 2
========================================================================
Received Import Request.
  Time since last request: 0.000025 seconds.
  path: Assets/Samples/EasyAR Sense Unity Plugin/4.6.5+3052.b2f1b028/__All Handheld AR__/WorldSensing/SpatialMap_SparseSpatialMap/Textures/EditUI/fingerBG@3x.png
  artifactKey: Guid(1f0f846fed7d4354e99ea673539502b5) Importer(2089858483,0ecaa5967403d082aa24f35e1b516d23)
Start importing Assets/Samples/EasyAR Sense Unity Plugin/4.6.5+3052.b2f1b028/__All Handheld AR__/WorldSensing/SpatialMap_SparseSpatialMap/Textures/EditUI/fingerBG@3x.png using Guid(1f0f846fed7d4354e99ea673539502b5) Importer(2089858483,0ecaa5967403d082aa24f35e1b516d23) [PhysX] Initialized MultithreadedTaskDispatcher with 16 workers.
 -> (artifact id: '232cb6ca4a3a115c1c92e2524dcc7d5c') in 0.015763 seconds
Number of updated asset objects reloaded before import = 0
Number of asset objects unloaded after import = 3
========================================================================
Received Import Request.
  Time since last request: 0.000028 seconds.
  path: Assets/Samples/EasyAR Sense Unity Plugin/4.6.5+3052.b2f1b028/__All Handheld AR__/WorldSensing/SpatialMap_SparseSpatialMap/Textures/CreateUI/Background@3x.png
  artifactKey: Guid(7ab88b54d4a33ee4b90b2de12a423389) Importer(2089858483,0ecaa5967403d082aa24f35e1b516d23)
Start importing Assets/Samples/EasyAR Sense Unity Plugin/4.6.5+3052.b2f1b028/__All Handheld AR__/WorldSensing/SpatialMap_SparseSpatialMap/Textures/CreateUI/Background@3x.png using Guid(7ab88b54d4a33ee4b90b2de12a423389) Importer(2089858483,0ecaa5967403d082aa24f35e1b516d23) [PhysX] Initialized MultithreadedTaskDispatcher with 16 workers.
 -> (artifact id: '3741e278b6042607827642d65fa5ba02') in 0.017251 seconds
Number of updated asset objects reloaded before import = 0
Number of asset objects unloaded after import = 3
========================================================================
Received Import Request.
  Time since last request: 0.000028 seconds.
  path: Assets/Samples/EasyAR Sense Unity Plugin/4.6.5+3052.b2f1b028/__All Handheld AR__/WorldSensing/SpatialMap_SparseSpatialMap/Props/Materials/video.mat
  artifactKey: Guid(d2a0d2971c05551439503af04e099522) Importer(2089858483,0ecaa5967403d082aa24f35e1b516d23)
Start importing Assets/Samples/EasyAR Sense Unity Plugin/4.6.5+3052.b2f1b028/__All Handheld AR__/WorldSensing/SpatialMap_SparseSpatialMap/Props/Materials/video.mat using Guid(d2a0d2971c05551439503af04e099522) Importer(2089858483,0ecaa5967403d082aa24f35e1b516d23) [PhysX] Initialized MultithreadedTaskDispatcher with 16 workers.
 -> (artifact id: '71f429bc85f22336b3f73a33a8777363') in 0.026636 seconds
Number of updated asset objects reloaded before import = 0
Number of asset objects unloaded after import = 2
========================================================================
Received Import Request.
  Time since last request: 0.000019 seconds.
  path: Assets/Samples/EasyAR Sense Unity Plugin/4.6.5+3052.b2f1b028/__All Handheld AR__/WorldSensing/SpatialMap_SparseSpatialMap/Scripts/Resource/PropCollection.cs
  artifactKey: Guid(e7b50de3a32099748ae7864fd40eba13) Importer(2089858483,0ecaa5967403d082aa24f35e1b516d23)
Start importing Assets/Samples/EasyAR Sense Unity Plugin/4.6.5+3052.b2f1b028/__All Handheld AR__/WorldSensing/SpatialMap_SparseSpatialMap/Scripts/Resource/PropCollection.cs using Guid(e7b50de3a32099748ae7864fd40eba13) Importer(2089858483,0ecaa5967403d082aa24f35e1b516d23) [PhysX] Initialized MultithreadedTaskDispatcher with 16 workers.
 -> (artifact id: 'b3d3f5dfc6173ee057e9af126602d9a4') in 0.008984 seconds
Number of updated asset objects reloaded before import = 0
Number of asset objects unloaded after import = 1
========================================================================
Received Import Request.
  Time since last request: 0.000034 seconds.
  path: Assets/Samples/EasyAR Sense Unity Plugin/4.6.5+3052.b2f1b028/__All Handheld AR__/WorldSensing/SpatialMap_SparseSpatialMap/Textures/CreateUI/Field 2@3x.png
  artifactKey: Guid(9445578dd43c6e340bb692012572391f) Importer(2089858483,0ecaa5967403d082aa24f35e1b516d23)
Start importing Assets/Samples/EasyAR Sense Unity Plugin/4.6.5+3052.b2f1b028/__All Handheld AR__/WorldSensing/SpatialMap_SparseSpatialMap/Textures/CreateUI/Field 2@3x.png using Guid(9445578dd43c6e340bb692012572391f) Importer(2089858483,0ecaa5967403d082aa24f35e1b516d23) [PhysX] Initialized MultithreadedTaskDispatcher with 16 workers.
 -> (artifact id: '48040c2e196b61a27d5a76de969df0c0') in 0.033415 seconds
Number of updated asset objects reloaded before import = 0
Number of asset objects unloaded after import = 3
========================================================================
Received Import Request.
  Time since last request: 0.000432 seconds.
  path: Assets/Samples/EasyAR Sense Unity Plugin/4.6.5+3052.b2f1b028/__All Handheld AR__/WorldSensing/SpatialMap_SparseSpatialMap/Textures/EditUI/Background 2@3x.png
  artifactKey: Guid(d91a60e647286c740b5376eea1bb8c82) Importer(2089858483,0ecaa5967403d082aa24f35e1b516d23)
Start importing Assets/Samples/EasyAR Sense Unity Plugin/4.6.5+3052.b2f1b028/__All Handheld AR__/WorldSensing/SpatialMap_SparseSpatialMap/Textures/EditUI/Background 2@3x.png using Guid(d91a60e647286c740b5376eea1bb8c82) Importer(2089858483,0ecaa5967403d082aa24f35e1b516d23) [PhysX] Initialized MultithreadedTaskDispatcher with 16 workers.
 -> (artifact id: '30c5c0ca22385a59981e5d0dbc718e9f') in 0.013321 seconds
Number of updated asset objects reloaded before import = 0
Number of asset objects unloaded after import = 3
========================================================================
Received Import Request.
  Time since last request: 0.000028 seconds.
  path: Assets/Samples/EasyAR Sense Unity Plugin/4.6.5+3052.b2f1b028/__All Handheld AR__/WorldSensing/SpatialMap_SparseSpatialMap/Props/Textures/videobg.jpg
  artifactKey: Guid(a193ae81dce12234a9e1026ff27ba1a6) Importer(2089858483,0ecaa5967403d082aa24f35e1b516d23)
Start importing Assets/Samples/EasyAR Sense Unity Plugin/4.6.5+3052.b2f1b028/__All Handheld AR__/WorldSensing/SpatialMap_SparseSpatialMap/Props/Textures/videobg.jpg using Guid(a193ae81dce12234a9e1026ff27ba1a6) Importer(2089858483,0ecaa5967403d082aa24f35e1b516d23) [PhysX] Initialized MultithreadedTaskDispatcher with 16 workers.
 -> (artifact id: 'c7453531c601b4f7231b6a6b2893930c') in 0.028331 seconds
Number of updated asset objects reloaded before import = 0
Number of asset objects unloaded after import = 1
========================================================================
Received Import Request.
  Time since last request: 0.000024 seconds.
  path: Assets/Samples/EasyAR Sense Unity Plugin/4.6.5+3052.b2f1b028/__All Handheld AR__/WorldSensing/SpatialMap_SparseSpatialMap/Scripts/Resource/MapMetaManager.cs
  artifactKey: Guid(c6be9a8fe6b47d4409813e9fe2721129) Importer(2089858483,0ecaa5967403d082aa24f35e1b516d23)
Start importing Assets/Samples/EasyAR Sense Unity Plugin/4.6.5+3052.b2f1b028/__All Handheld AR__/WorldSensing/SpatialMap_SparseSpatialMap/Scripts/Resource/MapMetaManager.cs using Guid(c6be9a8fe6b47d4409813e9fe2721129) Importer(2089858483,0ecaa5967403d082aa24f35e1b516d23) [PhysX] Initialized MultithreadedTaskDispatcher with 16 workers.
 -> (artifact id: '52e568ca4f7e43395eb5ca70bf727c40') in 0.006908 seconds
Number of updated asset objects reloaded before import = 0
Number of asset objects unloaded after import = 1
========================================================================
Received Import Request.
  Time since last request: 0.000019 seconds.
  path: Assets/Samples/EasyAR Sense Unity Plugin/4.6.5+3052.b2f1b028/__All Handheld AR__/WorldSensing/SpatialMap_SparseSpatialMap/Props/Textures/namecard.jpg
  artifactKey: Guid(34be3f323f8e3d84fa860cac449a37ae) Importer(2089858483,0ecaa5967403d082aa24f35e1b516d23)
Start importing Assets/Samples/EasyAR Sense Unity Plugin/4.6.5+3052.b2f1b028/__All Handheld AR__/WorldSensing/SpatialMap_SparseSpatialMap/Props/Textures/namecard.jpg using Guid(34be3f323f8e3d84fa860cac449a37ae) Importer(2089858483,0ecaa5967403d082aa24f35e1b516d23) [PhysX] Initialized MultithreadedTaskDispatcher with 16 workers.
 -> (artifact id: '4990a712351cadc812a373cbf0a80196') in 0.015147 seconds
Number of updated asset objects reloaded before import = 0
Number of asset objects unloaded after import = 1
========================================================================
Received Import Request.
  Time since last request: 0.000026 seconds.
  path: Assets/Samples/EasyAR Sense Unity Plugin/4.6.5+3052.b2f1b028/__All Handheld AR__/WorldSensing/SpatialMap_SparseSpatialMap/Scripts/Resource/MapMeta.cs
  artifactKey: Guid(e3a842face5c94d408aac2d24ec1457b) Importer(2089858483,0ecaa5967403d082aa24f35e1b516d23)
Start importing Assets/Samples/EasyAR Sense Unity Plugin/4.6.5+3052.b2f1b028/__All Handheld AR__/WorldSensing/SpatialMap_SparseSpatialMap/Scripts/Resource/MapMeta.cs using Guid(e3a842face5c94d408aac2d24ec1457b) Importer(2089858483,0ecaa5967403d082aa24f35e1b516d23) [PhysX] Initialized MultithreadedTaskDispatcher with 16 workers.
 -> (artifact id: '807d4a602afa1055fd0726874db7203e') in 0.006594 seconds
Number of updated asset objects reloaded before import = 0
Number of asset objects unloaded after import = 1
========================================================================
Received Import Request.
  Time since last request: 0.000021 seconds.
  path: Assets/Samples/XR Interaction Toolkit/3.0.4/Starter Assets/DemoSceneAssets/Prefabs/Interactables/Confetti.prefab
  artifactKey: Guid(7942e6544a2b2ae48bcf988d9aed838d) Importer(2089858483,0ecaa5967403d082aa24f35e1b516d23)
Start importing Assets/Samples/XR Interaction Toolkit/3.0.4/Starter Assets/DemoSceneAssets/Prefabs/Interactables/Confetti.prefab using Guid(7942e6544a2b2ae48bcf988d9aed838d) Importer(2089858483,0ecaa5967403d082aa24f35e1b516d23) [PhysX] Initialized MultithreadedTaskDispatcher with 16 workers.
 -> (artifact id: 'ee43272b31327b6d5fa5a2eb20fee254') in 0.103069 seconds
Number of updated asset objects reloaded before import = 0
Number of asset objects unloaded after import = 6
========================================================================
Received Import Request.
  Time since last request: 0.000028 seconds.
  path: Assets/Samples/EasyAR Sense Unity Plugin/4.6.5+3052.b2f1b028/__All Handheld AR__/WorldSensing/SpatialMap_SparseSpatialMap/Scripts/View/ViewManager.cs
  artifactKey: Guid(37aa80231632f0042a9558ea10e36d9d) Importer(2089858483,0ecaa5967403d082aa24f35e1b516d23)
Start importing Assets/Samples/EasyAR Sense Unity Plugin/4.6.5+3052.b2f1b028/__All Handheld AR__/WorldSensing/SpatialMap_SparseSpatialMap/Scripts/View/ViewManager.cs using Guid(37aa80231632f0042a9558ea10e36d9d) Importer(2089858483,0ecaa5967403d082aa24f35e1b516d23) [PhysX] Initialized MultithreadedTaskDispatcher with 16 workers.
 -> (artifact id: 'a65b56c055f4263c38777836786d3264') in 0.008852 seconds
Number of updated asset objects reloaded before import = 0
Number of asset objects unloaded after import = 1
========================================================================
Received Import Request.
  Time since last request: 0.000032 seconds.
  path: Assets/Samples/XR Interaction Toolkit/3.0.4/Starter Assets/DemoSceneAssets/Prefabs/Interactables/Push Button.prefab
  artifactKey: Guid(76f3439a0ae796e4b81bee3f91f888ee) Importer(2089858483,0ecaa5967403d082aa24f35e1b516d23)
Start importing Assets/Samples/XR Interaction Toolkit/3.0.4/Starter Assets/DemoSceneAssets/Prefabs/Interactables/Push Button.prefab using Guid(76f3439a0ae796e4b81bee3f91f888ee) Importer(2089858483,0ecaa5967403d082aa24f35e1b516d23) [PhysX] Initialized MultithreadedTaskDispatcher with 16 workers.
 -> (artifact id: '72c5f0fdbb06c51f0b9a016e6a7a6858') in 0.048752 seconds
Number of updated asset objects reloaded before import = 0
Number of asset objects unloaded after import = 30
========================================================================
Received Import Request.
  Time since last request: 0.000022 seconds.
  path: Assets/Samples/EasyAR Sense Unity Plugin/4.6.5+3052.b2f1b028/__All Handheld AR__/ObjectSensing/ImageTracking_Targets/Duck/Materials/duck02.mat
  artifactKey: Guid(d768e5c92b32fd24c8e740680068e16a) Importer(2089858483,0ecaa5967403d082aa24f35e1b516d23)
Start importing Assets/Samples/EasyAR Sense Unity Plugin/4.6.5+3052.b2f1b028/__All Handheld AR__/ObjectSensing/ImageTracking_Targets/Duck/Materials/duck02.mat using Guid(d768e5c92b32fd24c8e740680068e16a) Importer(2089858483,0ecaa5967403d082aa24f35e1b516d23) [PhysX] Initialized MultithreadedTaskDispatcher with 16 workers.
 -> (artifact id: '3cb217cad5913b5ce604e41f597ed8ef') in 0.011963 seconds
Number of updated asset objects reloaded before import = 0
Number of asset objects unloaded after import = 2
========================================================================
Received Import Request.
  Time since last request: 0.000018 seconds.
  path: Assets/Samples/EasyAR Sense Unity Plugin/4.6.5+3052.b2f1b028/__All Handheld AR__/WorldSensing/SpatialMap_SparseSpatialMap/Props/Materials/RedPacket.mat
  artifactKey: Guid(80f6f68bfa536924fb84d20118e0c1c0) Importer(2089858483,0ecaa5967403d082aa24f35e1b516d23)
Start importing Assets/Samples/EasyAR Sense Unity Plugin/4.6.5+3052.b2f1b028/__All Handheld AR__/WorldSensing/SpatialMap_SparseSpatialMap/Props/Materials/RedPacket.mat using Guid(80f6f68bfa536924fb84d20118e0c1c0) Importer(2089858483,0ecaa5967403d082aa24f35e1b516d23) [PhysX] Initialized MultithreadedTaskDispatcher with 16 workers.
 -> (artifact id: '6ee49000e292250674bd6bd580d4e019') in 0.018593 seconds
Number of updated asset objects reloaded before import = 0
Number of asset objects unloaded after import = 2
========================================================================
Received Import Request.
  Time since last request: 0.000052 seconds.
  path: Assets/Samples/XR Interaction Toolkit/3.0.4/Starter Assets/DemoSceneAssets/Prefabs/Climb/Single Floor Ladder.prefab
  artifactKey: Guid(1f62bdd0e59688d4bb754afe89fa2f5a) Importer(2089858483,0ecaa5967403d082aa24f35e1b516d23)
Start importing Assets/Samples/XR Interaction Toolkit/3.0.4/Starter Assets/DemoSceneAssets/Prefabs/Climb/Single Floor Ladder.prefab using Guid(1f62bdd0e59688d4bb754afe89fa2f5a) Importer(2089858483,0ecaa5967403d082aa24f35e1b516d23) [PhysX] Initialized MultithreadedTaskDispatcher with 16 workers.
 -> (artifact id: '857befdd812777f734f5fcc0986bb71f') in 0.022678 seconds
Number of updated asset objects reloaded before import = 0
Number of asset objects unloaded after import = 198
========================================================================
Received Import Request.
  Time since last request: 0.000028 seconds.
  path: Assets/Samples/EasyAR Sense Unity Plugin/4.6.5+3052.b2f1b028/__All Handheld AR__/WorldSensing/SpatialMap_SparseSpatialMap/Scripts/Resource/VideoPlayerAgent.cs
  artifactKey: Guid(5b6cc5f63731c4c4bb5119d06f6bece4) Importer(2089858483,0ecaa5967403d082aa24f35e1b516d23)
Start importing Assets/Samples/EasyAR Sense Unity Plugin/4.6.5+3052.b2f1b028/__All Handheld AR__/WorldSensing/SpatialMap_SparseSpatialMap/Scripts/Resource/VideoPlayerAgent.cs using Guid(5b6cc5f63731c4c4bb5119d06f6bece4) Importer(2089858483,0ecaa5967403d082aa24f35e1b516d23) [PhysX] Initialized MultithreadedTaskDispatcher with 16 workers.
 -> (artifact id: '545854fad5e39472dc5c86db0337629e') in 0.009049 seconds
Number of updated asset objects reloaded before import = 0
Number of asset objects unloaded after import = 1
========================================================================
Received Import Request.
  Time since last request: 0.000024 seconds.
  path: Assets/Samples/XR Interaction Toolkit/3.0.4/Starter Assets/DemoSceneAssets/Prefabs/Interactables/Blaser-Long.prefab
  artifactKey: Guid(fe7fcf44eedd467489de26ce92577bc3) Importer(2089858483,0ecaa5967403d082aa24f35e1b516d23)
Start importing Assets/Samples/XR Interaction Toolkit/3.0.4/Starter Assets/DemoSceneAssets/Prefabs/Interactables/Blaser-Long.prefab using Guid(fe7fcf44eedd467489de26ce92577bc3) Importer(2089858483,0ecaa5967403d082aa24f35e1b516d23) [PhysX] Initialized MultithreadedTaskDispatcher with 16 workers.
 -> (artifact id: '18905f8d876b032708053632be632fce') in 0.018792 seconds
Number of updated asset objects reloaded before import = 0
Number of asset objects unloaded after import = 33
========================================================================
Received Import Request.
  Time since last request: 0.000025 seconds.
  path: Assets/Samples/XR Interaction Toolkit/3.0.4/AR Starter Assets/ARDemoSceneAssets/Textures/ConcreteNormal.tif
  artifactKey: Guid(1dce72fffd0af44ad8e9cdd61d9fc604) Importer(2089858483,0ecaa5967403d082aa24f35e1b516d23)
Start importing Assets/Samples/XR Interaction Toolkit/3.0.4/AR Starter Assets/ARDemoSceneAssets/Textures/ConcreteNormal.tif using Guid(1dce72fffd0af44ad8e9cdd61d9fc604) Importer(2089858483,0ecaa5967403d082aa24f35e1b516d23) [PhysX] Initialized MultithreadedTaskDispatcher with 16 workers.
 -> (artifact id: '688a45e9ab438f199d614e08efb93be1') in 0.021621 seconds
Number of updated asset objects reloaded before import = 0
Number of asset objects unloaded after import = 1
========================================================================
Received Import Request.
  Time since last request: 0.000027 seconds.
  path: Assets/Samples/XR Interaction Toolkit/3.0.4/AR Starter Assets/Scripts/ARInteractorSpawnTrigger.cs
  artifactKey: Guid(ba63293f961b46a1a5b648e4ba02cfb5) Importer(2089858483,0ecaa5967403d082aa24f35e1b516d23)
Start importing Assets/Samples/XR Interaction Toolkit/3.0.4/AR Starter Assets/Scripts/ARInteractorSpawnTrigger.cs using Guid(ba63293f961b46a1a5b648e4ba02cfb5) Importer(2089858483,0ecaa5967403d082aa24f35e1b516d23) [PhysX] Initialized MultithreadedTaskDispatcher with 16 workers.
 -> (artifact id: '172a9766e27ec2e7d6559177a5122ea5') in 0.007796 seconds
Number of updated asset objects reloaded before import = 0
Number of asset objects unloaded after import = 1
========================================================================
Received Import Request.
  Time since last request: 0.000036 seconds.
  path: Assets/Samples/XR Interaction Toolkit/3.0.4/Starter Assets/Scripts/RotationAxisLockGrabTransformer.cs
  artifactKey: Guid(4dd2e41114c62b44fbd334ca5b314352) Importer(2089858483,0ecaa5967403d082aa24f35e1b516d23)
Start importing Assets/Samples/XR Interaction Toolkit/3.0.4/Starter Assets/Scripts/RotationAxisLockGrabTransformer.cs using Guid(4dd2e41114c62b44fbd334ca5b314352) Importer(2089858483,0ecaa5967403d082aa24f35e1b516d23) [PhysX] Initialized MultithreadedTaskDispatcher with 16 workers.
 -> (artifact id: '381c08c4d4d2348984fa111e6229f145') in 0.006816 seconds
Number of updated asset objects reloaded before import = 0
Number of asset objects unloaded after import = 1
========================================================================
Received Import Request.
  Time since last request: 0.000023 seconds.
  path: Assets/MobileARTemplateAssets/UI/Prefabs/Prompt_ScanSurfaces.prefab
  artifactKey: Guid(4adf158126c1640ecbd52af1204f6421) Importer(2089858483,0ecaa5967403d082aa24f35e1b516d23)
Start importing Assets/MobileARTemplateAssets/UI/Prefabs/Prompt_ScanSurfaces.prefab using Guid(4adf158126c1640ecbd52af1204f6421) Importer(2089858483,0ecaa5967403d082aa24f35e1b516d23) [PhysX] Initialized MultithreadedTaskDispatcher with 16 workers.
 -> (artifact id: '5bad5fa7ff9ed6e1fc2edd74673da0a1') in 0.021267 seconds
Number of updated asset objects reloaded before import = 0
Number of asset objects unloaded after import = 37
========================================================================
Received Import Request.
  Time since last request: 0.000025 seconds.
  path: Assets/Samples/EasyAR Sense Unity Plugin/4.6.5+3052.b2f1b028/__All Handheld AR__/ObjectSensing/ImageTracking_Targets/Duck/duck.png
  artifactKey: Guid(72951bfd6f7023b41b62ff0c9d9e125d) Importer(2089858483,0ecaa5967403d082aa24f35e1b516d23)
Start importing Assets/Samples/EasyAR Sense Unity Plugin/4.6.5+3052.b2f1b028/__All Handheld AR__/ObjectSensing/ImageTracking_Targets/Duck/duck.png using Guid(72951bfd6f7023b41b62ff0c9d9e125d) Importer(2089858483,0ecaa5967403d082aa24f35e1b516d23) [PhysX] Initialized MultithreadedTaskDispatcher with 16 workers.
 -> (artifact id: '488a3bd9949ee1a34fd8102536adbaf2') in 0.036933 seconds
Number of updated asset objects reloaded before import = 0
Number of asset objects unloaded after import = 1
========================================================================
Received Import Request.
  Time since last request: 0.000023 seconds.
  path: Assets/MobileARTemplateAssets/UI/Animation/Prompt_ScanSurface.anim
  artifactKey: Guid(4818187ee63f44dc6879558e64170df6) Importer(2089858483,0ecaa5967403d082aa24f35e1b516d23)
Start importing Assets/MobileARTemplateAssets/UI/Animation/Prompt_ScanSurface.anim using Guid(4818187ee63f44dc6879558e64170df6) Importer(2089858483,0ecaa5967403d082aa24f35e1b516d23) [PhysX] Initialized MultithreadedTaskDispatcher with 16 workers.
 -> (artifact id: '8a88abba0d1e6cd2ec7d3dd041f75d7e') in 0.009158 seconds
Number of updated asset objects reloaded before import = 0
Number of asset objects unloaded after import = 1
========================================================================
Received Import Request.
  Time since last request: 0.000026 seconds.
  path: Assets/MobileARTemplateAssets/UI/Sprites/Icon-Options.png
  artifactKey: Guid(488046489eefe4d10b386a257204a3e0) Importer(2089858483,0ecaa5967403d082aa24f35e1b516d23)
Start importing Assets/MobileARTemplateAssets/UI/Sprites/Icon-Options.png using Guid(488046489eefe4d10b386a257204a3e0) Importer(2089858483,0ecaa5967403d082aa24f35e1b516d23) [PhysX] Initialized MultithreadedTaskDispatcher with 16 workers.
 -> (artifact id: 'fe1fd9cb33f0d2ecb142374152255657') in 0.015697 seconds
Number of updated asset objects reloaded before import = 0
Number of asset objects unloaded after import = 3
========================================================================
Received Import Request.
  Time since last request: 0.000023 seconds.
  path: Assets/MobileARTemplateAssets/Tutorial/Tutorials.asset
  artifactKey: Guid(f81d3f3f7e5892946b36987ea5701338) Importer(2089858483,0ecaa5967403d082aa24f35e1b516d23)
Start importing Assets/MobileARTemplateAssets/Tutorial/Tutorials.asset using Guid(f81d3f3f7e5892946b36987ea5701338) Importer(2089858483,0ecaa5967403d082aa24f35e1b516d23) [PhysX] Initialized MultithreadedTaskDispatcher with 16 workers.
 -> (artifact id: '2bb6d94d39793c46bc1de77d76f1aeb1') in 0.025374 seconds
Number of updated asset objects reloaded before import = 0
Number of asset objects unloaded after import = 4
========================================================================
Received Import Request.
  Time since last request: 0.000024 seconds.
  path: Assets/Samples/EasyAR Sense Unity Plugin/4.6.5+3052.b2f1b028/__All Handheld AR__/WorldSensing/SpatialMap_SparseSpatialMap/Prefabs/Outline.prefab
  artifactKey: Guid(44fe89c0971861f43b7198492dcf6634) Importer(2089858483,0ecaa5967403d082aa24f35e1b516d23)
Start importing Assets/Samples/EasyAR Sense Unity Plugin/4.6.5+3052.b2f1b028/__All Handheld AR__/WorldSensing/SpatialMap_SparseSpatialMap/Prefabs/Outline.prefab using Guid(44fe89c0971861f43b7198492dcf6634) Importer(2089858483,0ecaa5967403d082aa24f35e1b516d23) [PhysX] Initialized MultithreadedTaskDispatcher with 16 workers.
 -> (artifact id: '9f8b29a3ab46d068c6c4daccea25f159') in 0.009762 seconds
Number of updated asset objects reloaded before import = 0
Number of asset objects unloaded after import = 6
========================================================================
Received Import Request.
  Time since last request: 0.000027 seconds.
  path: Assets/Samples/XR Interaction Toolkit/3.0.4/Starter Assets/Prefabs/Affordances/Highlight Interaction Affordance.prefab
  artifactKey: Guid(6b12f432fa58c224baf0d659706362be) Importer(2089858483,0ecaa5967403d082aa24f35e1b516d23)
Start importing Assets/Samples/XR Interaction Toolkit/3.0.4/Starter Assets/Prefabs/Affordances/Highlight Interaction Affordance.prefab using Guid(6b12f432fa58c224baf0d659706362be) Importer(2089858483,0ecaa5967403d082aa24f35e1b516d23) [PhysX] Initialized MultithreadedTaskDispatcher with 16 workers.
 -> (artifact id: '0c0cb20b41d307beedcb0bfc40378f78') in 0.013131 seconds
Number of updated asset objects reloaded before import = 0
Number of asset objects unloaded after import = 12
========================================================================
Received Import Request.
  Time since last request: 0.000034 seconds.
  path: Assets/Samples/EasyAR Sense Unity Plugin/4.6.5+3052.b2f1b028/__All Handheld AR__/WorldSensing/SpatialMap_Sparse_Localizing/Scripts/EasyAR.Sense.Sample.SpatialMap_Sparse_Localizing.asmdef
  artifactKey: Guid(e3e76489973e7994592ebd595526febf) Importer(2089858483,0ecaa5967403d082aa24f35e1b516d23)
Start importing Assets/Samples/EasyAR Sense Unity Plugin/4.6.5+3052.b2f1b028/__All Handheld AR__/WorldSensing/SpatialMap_Sparse_Localizing/Scripts/EasyAR.Sense.Sample.SpatialMap_Sparse_Localizing.asmdef using Guid(e3e76489973e7994592ebd595526febf) Importer(2089858483,0ecaa5967403d082aa24f35e1b516d23) [PhysX] Initialized MultithreadedTaskDispatcher with 16 workers.
 -> (artifact id: '0c83e68c22584c42c8004915ebecec1b') in 0.007857 seconds
Number of updated asset objects reloaded before import = 0
Number of asset objects unloaded after import = 1
========================================================================
Received Import Request.
  Time since last request: 0.000055 seconds.
  path: Assets/StreamingAssets/hexagon/hexagon.jpg
  artifactKey: Guid(90b05a61af4802548835fbaaee424013) Importer(2089858483,0ecaa5967403d082aa24f35e1b516d23)
Start importing Assets/StreamingAssets/hexagon/hexagon.jpg using Guid(90b05a61af4802548835fbaaee424013) Importer(2089858483,0ecaa5967403d082aa24f35e1b516d23) [PhysX] Initialized MultithreadedTaskDispatcher with 16 workers.
 -> (artifact id: 'b6a291b3ac879110814e602ac54a8351') in 0.005423 seconds
Number of updated asset objects reloaded before import = 0
Number of asset objects unloaded after import = 1
========================================================================
Received Import Request.
  Time since last request: 0.000029 seconds.
  path: Assets/XR/Settings/AR Core Settings.asset
  artifactKey: Guid(6ee72d15cf39dd748a13eac57397b9af) Importer(2089858483,0ecaa5967403d082aa24f35e1b516d23)
Start importing Assets/XR/Settings/AR Core Settings.asset using Guid(6ee72d15cf39dd748a13eac57397b9af) Importer(2089858483,0ecaa5967403d082aa24f35e1b516d23) [PhysX] Initialized MultithreadedTaskDispatcher with 16 workers.
 -> (artifact id: 'a332c2e74c626d72449b377288700b29') in 0.009652 seconds
Number of updated asset objects reloaded before import = 0
Number of asset objects unloaded after import = 1
========================================================================
Received Import Request.
  Time since last request: 0.000029 seconds.
  path: Assets/MobileARTemplateAssets/Shaders/ShadowReceiver/ShadowReceiver.shadergraph
  artifactKey: Guid(c395164bee0484f4391b2932dfff0ff8) Importer(2089858483,0ecaa5967403d082aa24f35e1b516d23)
Start importing Assets/MobileARTemplateAssets/Shaders/ShadowReceiver/ShadowReceiver.shadergraph using Guid(c395164bee0484f4391b2932dfff0ff8) Importer(2089858483,0ecaa5967403d082aa24f35e1b516d23) [PhysX] Initialized MultithreadedTaskDispatcher with 16 workers.
 -> (artifact id: 'eb73ca8d55b1a38b5606617e866c6bde') in 0.011924 seconds
Number of updated asset objects reloaded before import = 0
Number of asset objects unloaded after import = 3
========================================================================
Received Import Request.
  Time since last request: 0.000020 seconds.
  path: Assets/Samples/EasyAR Sense Unity Plugin/4.6.5+3052.b2f1b028/__All Handheld AR__/ObjectSensing/MultiTarget_MultiTracker/Textures/EasyAR.jpg
  artifactKey: Guid(af11d4b09eb2bae4f9d18a21c75f7665) Importer(2089858483,0ecaa5967403d082aa24f35e1b516d23)
Start importing Assets/Samples/EasyAR Sense Unity Plugin/4.6.5+3052.b2f1b028/__All Handheld AR__/ObjectSensing/MultiTarget_MultiTracker/Textures/EasyAR.jpg using Guid(af11d4b09eb2bae4f9d18a21c75f7665) Importer(2089858483,0ecaa5967403d082aa24f35e1b516d23) [PhysX] Initialized MultithreadedTaskDispatcher with 16 workers.
 -> (artifact id: '1363cf53cd87907114b87d453cc1b1f8') in 0.014007 seconds
Number of updated asset objects reloaded before import = 0
Number of asset objects unloaded after import = 1
========================================================================
Received Import Request.
  Time since last request: 0.000025 seconds.
  path: Assets/Samples/EasyAR Sense Unity Plugin/4.6.5+3052.b2f1b028/__All Handheld AR__/ObjectSensing/ImageTracking_CloudRecognition/Scenes/ImageTracking_CloudRecognition.unity
  artifactKey: Guid(76895b1b9ab37534b91552832fefed57) Importer(2089858483,0ecaa5967403d082aa24f35e1b516d23)
Start importing Assets/Samples/EasyAR Sense Unity Plugin/4.6.5+3052.b2f1b028/__All Handheld AR__/ObjectSensing/ImageTracking_CloudRecognition/Scenes/ImageTracking_CloudRecognition.unity using Guid(76895b1b9ab37534b91552832fefed57) Importer(2089858483,0ecaa5967403d082aa24f35e1b516d23) [PhysX] Initialized MultithreadedTaskDispatcher with 16 workers.
 -> (artifact id: '7440e0d77588639b2ed6328917e340eb') in 0.025577 seconds
Number of updated asset objects reloaded before import = 0
Number of asset objects unloaded after import = 1
========================================================================
Received Import Request.
  Time since last request: 0.000022 seconds.
  path: Assets/Samples/EasyAR Sense Unity Plugin/4.6.5+3052.b2f1b028/__All Handheld AR__/DeviceSupport/VideoRecording/Shaders/RecordingWatermark.shader
  artifactKey: Guid(26b1e453f325f1f42b9fbedec854196e) Importer(2089858483,0ecaa5967403d082aa24f35e1b516d23)
Start importing Assets/Samples/EasyAR Sense Unity Plugin/4.6.5+3052.b2f1b028/__All Handheld AR__/DeviceSupport/VideoRecording/Shaders/RecordingWatermark.shader using Guid(26b1e453f325f1f42b9fbedec854196e) Importer(2089858483,0ecaa5967403d082aa24f35e1b516d23) [PhysX] Initialized MultithreadedTaskDispatcher with 16 workers.
 -> (artifact id: 'c0918ad848bbf6801c662210fee4c744') in 0.009285 seconds
Number of updated asset objects reloaded before import = 0
Number of asset objects unloaded after import = 1
========================================================================
Received Import Request.
  Time since last request: 0.000024 seconds.
  path: Assets/Samples/EasyAR Sense Unity Plugin/4.6.5+3052.b2f1b028/__All Handheld AR__/WorldSensing/SpatialMap_SparseSpatialMap/Props/Textures/RedPacket.png
  artifactKey: Guid(cdbad284b1deb634cb0c1087ce0cf4cf) Importer(2089858483,0ecaa5967403d082aa24f35e1b516d23)
Start importing Assets/Samples/EasyAR Sense Unity Plugin/4.6.5+3052.b2f1b028/__All Handheld AR__/WorldSensing/SpatialMap_SparseSpatialMap/Props/Textures/RedPacket.png using Guid(cdbad284b1deb634cb0c1087ce0cf4cf) Importer(2089858483,0ecaa5967403d082aa24f35e1b516d23) [PhysX] Initialized MultithreadedTaskDispatcher with 16 workers.
 -> (artifact id: '59addb69d89f121cf6627f7e2f3ef72c') in 0.024802 seconds
Number of updated asset objects reloaded before import = 0
Number of asset objects unloaded after import = 1
========================================================================
Received Import Request.
  Time since last request: 0.000031 seconds.
  path: Assets/Samples/EasyAR Sense Unity Plugin/4.6.5+3052.b2f1b028/__All Handheld AR__/ObjectSensing/ImageTracking_Targets/Resources/duck03.prefab
  artifactKey: Guid(765c3dbd0b8237640b5a5914c45fa363) Importer(2089858483,0ecaa5967403d082aa24f35e1b516d23)
Start importing Assets/Samples/EasyAR Sense Unity Plugin/4.6.5+3052.b2f1b028/__All Handheld AR__/ObjectSensing/ImageTracking_Targets/Resources/duck03.prefab using Guid(765c3dbd0b8237640b5a5914c45fa363) Importer(2089858483,0ecaa5967403d082aa24f35e1b516d23) [PhysX] Initialized MultithreadedTaskDispatcher with 16 workers.
 -> (artifact id: 'eaa9ac64504db364396d0fb087d4ffa3') in 0.008315 seconds
Number of updated asset objects reloaded before import = 0
Number of asset objects unloaded after import = 9
========================================================================
Received Import Request.
  Time since last request: 0.000036 seconds.
  path: Assets/Samples/XR Interaction Toolkit/3.0.4/AR Starter Assets/ARDemoSceneAssets/Models/Primitive_Pyramid.fbx
  artifactKey: Guid(e760ff44a7adc4cf98ae34ae984d15a4) Importer(2089858483,0ecaa5967403d082aa24f35e1b516d23)
Start importing Assets/Samples/XR Interaction Toolkit/3.0.4/AR Starter Assets/ARDemoSceneAssets/Models/Primitive_Pyramid.fbx using Guid(e760ff44a7adc4cf98ae34ae984d15a4) Importer(2089858483,0ecaa5967403d082aa24f35e1b516d23) [PhysX] Initialized MultithreadedTaskDispatcher with 16 workers.
 -> (artifact id: '8c0305e6271a0be1fbbff221c9cb5ec1') in 0.013994 seconds
Number of updated asset objects reloaded before import = 0
Number of asset objects unloaded after import = 7
========================================================================
Received Import Request.
  Time since last request: 0.000019 seconds.
  path: Assets/Samples/XR Interaction Toolkit/3.0.4/AR Starter Assets/ARDemoSceneAssets/Sprites/Icon - Object - Debug Cube.png
  artifactKey: Guid(0d77f64dcf23ba448b2a63ad6f4c50c2) Importer(2089858483,0ecaa5967403d082aa24f35e1b516d23)
Start importing Assets/Samples/XR Interaction Toolkit/3.0.4/AR Starter Assets/ARDemoSceneAssets/Sprites/Icon - Object - Debug Cube.png using Guid(0d77f64dcf23ba448b2a63ad6f4c50c2) Importer(2089858483,0ecaa5967403d082aa24f35e1b516d23) [PhysX] Initialized MultithreadedTaskDispatcher with 16 workers.
 -> (artifact id: '38756f217a401cb962180657c17a68da') in 0.015209 seconds
Number of updated asset objects reloaded before import = 0
Number of asset objects unloaded after import = 3
========================================================================
Received Import Request.
  Time since last request: 0.000021 seconds.
  path: Assets/Samples/EasyAR Sense Unity Plugin/4.6.5+3052.b2f1b028/__All Handheld AR__/WorldSensing/SpatialMap_SparseSpatialMap/Scripts/MapSession.cs
  artifactKey: Guid(bbfd6f7f36af7f44abf40c3c62d93860) Importer(2089858483,0ecaa5967403d082aa24f35e1b516d23)
Start importing Assets/Samples/EasyAR Sense Unity Plugin/4.6.5+3052.b2f1b028/__All Handheld AR__/WorldSensing/SpatialMap_SparseSpatialMap/Scripts/MapSession.cs using Guid(bbfd6f7f36af7f44abf40c3c62d93860) Importer(2089858483,0ecaa5967403d082aa24f35e1b516d23) [PhysX] Initialized MultithreadedTaskDispatcher with 16 workers.
 -> (artifact id: 'f7f09046c387235c7ea6943eb2a830f6') in 0.007379 seconds
Number of updated asset objects reloaded before import = 0
Number of asset objects unloaded after import = 1
========================================================================
Received Import Request.
  Time since last request: 0.000018 seconds.
  path: Assets/Samples/EasyAR Sense Unity Plugin/4.6.5+3052.b2f1b028/__All Handheld AR__/ObjectSensing/MultiTarget_MultiTracker/Scripts/EasyAR.Sense.Sample.MultiTarget_MultiTracker.asmdef
  artifactKey: Guid(54efd6ae0924e69488195ba88e0ca266) Importer(2089858483,0ecaa5967403d082aa24f35e1b516d23)
Start importing Assets/Samples/EasyAR Sense Unity Plugin/4.6.5+3052.b2f1b028/__All Handheld AR__/ObjectSensing/MultiTarget_MultiTracker/Scripts/EasyAR.Sense.Sample.MultiTarget_MultiTracker.asmdef using Guid(54efd6ae0924e69488195ba88e0ca266) Importer(2089858483,0ecaa5967403d082aa24f35e1b516d23) [PhysX] Initialized MultithreadedTaskDispatcher with 16 workers.
 -> (artifact id: '86f6074834fd3bc97f789db4b2d01f1e') in 0.008024 seconds
Number of updated asset objects reloaded before import = 0
Number of asset objects unloaded after import = 1
========================================================================
Received Import Request.
  Time since last request: 0.000022 seconds.
  path: Assets/Samples/EasyAR Sense Unity Plugin/4.6.5+3052.b2f1b028/__All Handheld AR__/WorldSensing/SpatialMap_Sparse_Localizing/Scripts/MapLocalizing_SparseSample.cs
  artifactKey: Guid(3c3cebdf353337a44a2b455dfba4eb28) Importer(2089858483,0ecaa5967403d082aa24f35e1b516d23)
Start importing Assets/Samples/EasyAR Sense Unity Plugin/4.6.5+3052.b2f1b028/__All Handheld AR__/WorldSensing/SpatialMap_Sparse_Localizing/Scripts/MapLocalizing_SparseSample.cs using Guid(3c3cebdf353337a44a2b455dfba4eb28) Importer(2089858483,0ecaa5967403d082aa24f35e1b516d23) [PhysX] Initialized MultithreadedTaskDispatcher with 16 workers.
 -> (artifact id: 'e88febe91039bc20d9bc83d253a54fb5') in 0.008047 seconds
Number of updated asset objects reloaded before import = 0
Number of asset objects unloaded after import = 1
========================================================================
Received Import Request.
  Time since last request: 0.000024 seconds.
  path: Assets/XR/Settings/XRSimulationSettings.asset
  artifactKey: Guid(c199e683398494f32b4cde18e73ab731) Importer(2089858483,0ecaa5967403d082aa24f35e1b516d23)
Start importing Assets/XR/Settings/XRSimulationSettings.asset using Guid(c199e683398494f32b4cde18e73ab731) Importer(2089858483,0ecaa5967403d082aa24f35e1b516d23) [PhysX] Initialized MultithreadedTaskDispatcher with 16 workers.
 -> (artifact id: '7a854a55be856fe5b2831009e884c3c1') in 0.008625 seconds
Number of updated asset objects reloaded before import = 0
Number of asset objects unloaded after import = 1
========================================================================
Received Import Request.
  Time since last request: 0.000021 seconds.
  path: Assets/Samples/XR Interaction Toolkit/3.0.4/Starter Assets/DemoSceneAssets/Textures/Concrete_Albedo.tif
  artifactKey: Guid(5a327724a94a9674a8a93e6b4e9a6eee) Importer(2089858483,0ecaa5967403d082aa24f35e1b516d23)
Start importing Assets/Samples/XR Interaction Toolkit/3.0.4/Starter Assets/DemoSceneAssets/Textures/Concrete_Albedo.tif using Guid(5a327724a94a9674a8a93e6b4e9a6eee) Importer(2089858483,0ecaa5967403d082aa24f35e1b516d23) [PhysX] Initialized MultithreadedTaskDispatcher with 16 workers.
 -> (artifact id: '196ab0eba43d061f9d02c832d9ba101b') in 0.020214 seconds
Number of updated asset objects reloaded before import = 0
Number of asset objects unloaded after import = 1
========================================================================
Received Import Request.
  Time since last request: 0.000023 seconds.
  path: Assets/Samples/XR Interaction Toolkit/3.0.4/Starter Assets/DemoSceneAssets/Sprites/Asset.png
  artifactKey: Guid(17d565bb4a7744b41b7e4dc7e3a09e35) Importer(2089858483,0ecaa5967403d082aa24f35e1b516d23)
Start importing Assets/Samples/XR Interaction Toolkit/3.0.4/Starter Assets/DemoSceneAssets/Sprites/Asset.png using Guid(17d565bb4a7744b41b7e4dc7e3a09e35) Importer(2089858483,0ecaa5967403d082aa24f35e1b516d23) [PhysX] Initialized MultithreadedTaskDispatcher with 16 workers.
 -> (artifact id: '900657ff195ce4faf3e1a85e45959e07') in 0.031035 seconds
Number of updated asset objects reloaded before import = 0
Number of asset objects unloaded after import = 3
========================================================================
Received Import Request.
  Time since last request: 0.000019 seconds.
  path: Assets/Samples/EasyAR Sense Unity Plugin/4.6.5+3052.b2f1b028/__All Handheld AR__/WorldSensing/SpatialMap_SparseSpatialMap/Prefabs/PropCell.prefab
  artifactKey: Guid(b9fa0500c4a9ec44180aa090cd0083bd) Importer(2089858483,0ecaa5967403d082aa24f35e1b516d23)
Start importing Assets/Samples/EasyAR Sense Unity Plugin/4.6.5+3052.b2f1b028/__All Handheld AR__/WorldSensing/SpatialMap_SparseSpatialMap/Prefabs/PropCell.prefab using Guid(b9fa0500c4a9ec44180aa090cd0083bd) Importer(2089858483,0ecaa5967403d082aa24f35e1b516d23) [PhysX] Initialized MultithreadedTaskDispatcher with 16 workers.
 -> (artifact id: 'dd56ec6ed67de50e68921bef78d6ea12') in 0.014008 seconds
Number of updated asset objects reloaded before import = 0
Number of asset objects unloaded after import = 13
========================================================================
Received Import Request.
  Time since last request: 0.000028 seconds.
  path: Assets/Samples/XR Interaction Toolkit/3.0.4/Starter Assets/Textures/DefaultMaterial_AO.png
  artifactKey: Guid(85e675893a909864d9c237e20202651b) Importer(2089858483,0ecaa5967403d082aa24f35e1b516d23)
Start importing Assets/Samples/XR Interaction Toolkit/3.0.4/Starter Assets/Textures/DefaultMaterial_AO.png using Guid(85e675893a909864d9c237e20202651b) Importer(2089858483,0ecaa5967403d082aa24f35e1b516d23) [PhysX] Initialized MultithreadedTaskDispatcher with 16 workers.
 -> (artifact id: '5bc02a4051364bf29db3a1181725bc54') in 0.056865 seconds
Number of updated asset objects reloaded before import = 0
Number of asset objects unloaded after import = 1
========================================================================
Received Import Request.
  Time since last request: 0.000036 seconds.
  path: Assets/MobileARTemplateAssets/UI/Sprites/MixedCorners.png
  artifactKey: Guid(811ff44a671c34f55ab743fc4f8c3319) Importer(2089858483,0ecaa5967403d082aa24f35e1b516d23)
Start importing Assets/MobileARTemplateAssets/UI/Sprites/MixedCorners.png using Guid(811ff44a671c34f55ab743fc4f8c3319) Importer(2089858483,0ecaa5967403d082aa24f35e1b516d23) [PhysX] Initialized MultithreadedTaskDispatcher with 16 workers.
 -> (artifact id: '5222ee9eb6c13c2ae4300e9fc09db93c') in 0.013870 seconds
Number of updated asset objects reloaded before import = 0
Number of asset objects unloaded after import = 3
========================================================================
Received Import Request.
  Time since last request: 0.000021 seconds.
  path: Assets/Samples/EasyAR Sense Unity Plugin/4.6.5+3052.b2f1b028/__All Handheld AR__/ObjectSensing/MultiTarget_SameImage/Materials/EasyAR.mat
  artifactKey: Guid(0479364173e34814797c8e1f3772bee0) Importer(2089858483,0ecaa5967403d082aa24f35e1b516d23)
Start importing Assets/Samples/EasyAR Sense Unity Plugin/4.6.5+3052.b2f1b028/__All Handheld AR__/ObjectSensing/MultiTarget_SameImage/Materials/EasyAR.mat using Guid(0479364173e34814797c8e1f3772bee0) Importer(2089858483,0ecaa5967403d082aa24f35e1b516d23) [PhysX] Initialized MultithreadedTaskDispatcher with 16 workers.
 -> (artifact id: 'f3960f7bcc306259b9289798645f0c85') in 0.011046 seconds
Number of updated asset objects reloaded before import = 0
Number of asset objects unloaded after import = 2
========================================================================
Received Import Request.
  Time since last request: 0.000024 seconds.
  path: Assets/MobileARTemplateAssets/UI/Sprites/Icon-MoveAxisGizmos.png
  artifactKey: Guid(51013162d2e1a4a09ae16e48154ceb5f) Importer(2089858483,0ecaa5967403d082aa24f35e1b516d23)
Start importing Assets/MobileARTemplateAssets/UI/Sprites/Icon-MoveAxisGizmos.png using Guid(51013162d2e1a4a09ae16e48154ceb5f) Importer(2089858483,0ecaa5967403d082aa24f35e1b516d23) [PhysX] Initialized MultithreadedTaskDispatcher with 16 workers.
 -> (artifact id: '376d8a5a9ae490afa019223c59c525ef') in 0.017002 seconds
Number of updated asset objects reloaded before import = 0
Number of asset objects unloaded after import = 3
========================================================================
Received Import Request.
  Time since last request: 0.754475 seconds.
  path: Assets/Samples/EasyAR Sense Unity Plugin/4.6.5+3052.b2f1b028/__All Handheld AR__/WorldSensing/SpatialMap_SparseSpatialMap/Textures/EditUI/HoldAndDrag@3x.png
  artifactKey: Guid(5f971ec3ab6777045a4745e94ec3994f) Importer(2089858483,0ecaa5967403d082aa24f35e1b516d23)
Start importing Assets/Samples/EasyAR Sense Unity Plugin/4.6.5+3052.b2f1b028/__All Handheld AR__/WorldSensing/SpatialMap_SparseSpatialMap/Textures/EditUI/HoldAndDrag@3x.png using Guid(5f971ec3ab6777045a4745e94ec3994f) Importer(2089858483,0ecaa5967403d082aa24f35e1b516d23) [PhysX] Initialized MultithreadedTaskDispatcher with 16 workers.
 -> (artifact id: '36782a801c271b08b772a97372f21519') in 0.040273 seconds
Number of updated asset objects reloaded before import = 0
Number of asset objects unloaded after import = 3
========================================================================
Received Import Request.
  Time since last request: 0.000029 seconds.
  path: Assets/Samples/EasyAR Sense Unity Plugin/4.6.5+3052.b2f1b028/__All Handheld AR__/WorldSensing/SpatialMap_SparseSpatialMap/Textures/EditUI/VideoIcon@3x.png
  artifactKey: Guid(eb0ce04761a6e424089dfe92fef8a044) Importer(2089858483,0ecaa5967403d082aa24f35e1b516d23)
Start importing Assets/Samples/EasyAR Sense Unity Plugin/4.6.5+3052.b2f1b028/__All Handheld AR__/WorldSensing/SpatialMap_SparseSpatialMap/Textures/EditUI/VideoIcon@3x.png using Guid(eb0ce04761a6e424089dfe92fef8a044) Importer(2089858483,0ecaa5967403d082aa24f35e1b516d23) [PhysX] Initialized MultithreadedTaskDispatcher with 16 workers.
 -> (artifact id: '9a1de846b6efd07dc4280dfa02c203f7') in 0.015945 seconds
Number of updated asset objects reloaded before import = 0
Number of asset objects unloaded after import = 3
========================================================================
Received Import Request.
  Time since last request: 0.000023 seconds.
  path: Assets/Samples/EasyAR Sense Unity Plugin/4.6.5+3052.b2f1b028/__All Handheld AR__/WorldSensing/SpatialMap_SparseSpatialMap/Textures/MainUI/Rectangle 72 Copy 16@3x.png
  artifactKey: Guid(ca8af40605194ec419cf00e8dd306b60) Importer(2089858483,0ecaa5967403d082aa24f35e1b516d23)
Start importing Assets/Samples/EasyAR Sense Unity Plugin/4.6.5+3052.b2f1b028/__All Handheld AR__/WorldSensing/SpatialMap_SparseSpatialMap/Textures/MainUI/Rectangle 72 Copy 16@3x.png using Guid(ca8af40605194ec419cf00e8dd306b60) Importer(2089858483,0ecaa5967403d082aa24f35e1b516d23) [PhysX] Initialized MultithreadedTaskDispatcher with 16 workers.
 -> (artifact id: 'befe48c58613ea363def81a8937cb32f') in 0.019929 seconds
Number of updated asset objects reloaded before import = 0
Number of asset objects unloaded after import = 3
========================================================================
Received Import Request.
  Time since last request: 0.000043 seconds.
  path: Assets/Samples/EasyAR Sense Unity Plugin/4.6.5+3052.b2f1b028/__All Handheld AR__/WorldSensing/SpatialMap_SparseSpatialMap/Scripts/View/Main/MapList/MapGridController.cs
  artifactKey: Guid(4cfdff85214e3474b8fb90be29df60c4) Importer(2089858483,0ecaa5967403d082aa24f35e1b516d23)
Start importing Assets/Samples/EasyAR Sense Unity Plugin/4.6.5+3052.b2f1b028/__All Handheld AR__/WorldSensing/SpatialMap_SparseSpatialMap/Scripts/View/Main/MapList/MapGridController.cs using Guid(4cfdff85214e3474b8fb90be29df60c4) Importer(2089858483,0ecaa5967403d082aa24f35e1b516d23) [PhysX] Initialized MultithreadedTaskDispatcher with 16 workers.
 -> (artifact id: 'efeb0928f1ad5269bb51dda733e7f9dd') in 0.010341 seconds
Number of updated asset objects reloaded before import = 0
Number of asset objects unloaded after import = 1
========================================================================
Received Import Request.
  Time since last request: 0.000032 seconds.
  path: Assets/Samples/EasyAR Sense Unity Plugin/4.6.5+3052.b2f1b028/__All Handheld AR__/WorldSensing/SpatialMap_SparseSpatialMap/Scripts/View/Edit/PropList/PropGridController.cs
  artifactKey: Guid(44a1b63921dd8474baef08bbaa5542b0) Importer(2089858483,0ecaa5967403d082aa24f35e1b516d23)
Start importing Assets/Samples/EasyAR Sense Unity Plugin/4.6.5+3052.b2f1b028/__All Handheld AR__/WorldSensing/SpatialMap_SparseSpatialMap/Scripts/View/Edit/PropList/PropGridController.cs using Guid(44a1b63921dd8474baef08bbaa5542b0) Importer(2089858483,0ecaa5967403d082aa24f35e1b516d23) [PhysX] Initialized MultithreadedTaskDispatcher with 16 workers.
 -> (artifact id: '3b2b6d0e126354b15b0f0ae206d33b90') in 0.009935 seconds
Number of updated asset objects reloaded before import = 0
Number of asset objects unloaded after import = 1
========================================================================
Received Import Request.
  Time since last request: 0.000028 seconds.
  path: Assets/Samples/EasyAR Sense Unity Plugin/4.6.5+3052.b2f1b028/__All Handheld AR__/WorldSensing/SpatialMap_SparseSpatialMap/Textures/EditUI/RedBagLable@3x.png
  artifactKey: Guid(1e21b7009c4d57846a4e6a81be590116) Importer(2089858483,0ecaa5967403d082aa24f35e1b516d23)
Start importing Assets/Samples/EasyAR Sense Unity Plugin/4.6.5+3052.b2f1b028/__All Handheld AR__/WorldSensing/SpatialMap_SparseSpatialMap/Textures/EditUI/RedBagLable@3x.png using Guid(1e21b7009c4d57846a4e6a81be590116) Importer(2089858483,0ecaa5967403d082aa24f35e1b516d23) [PhysX] Initialized MultithreadedTaskDispatcher with 16 workers.
 -> (artifact id: '48c1e76cce7fd072a7ee2d68aaec59cd') in 0.019105 seconds
Number of updated asset objects reloaded before import = 0
Number of asset objects unloaded after import = 3
========================================================================
Received Import Request.
  Time since last request: 0.000053 seconds.
  path: Assets/Samples/EasyAR Sense Unity Plugin/4.6.5+3052.b2f1b028/__All Handheld AR__/WorldSensing/SpatialMap_SparseSpatialMap/Scripts/View/Main/MapList/MapDockController.cs
  artifactKey: Guid(bbdfd5991023c4440bd84beb8b32e4c8) Importer(2089858483,0ecaa5967403d082aa24f35e1b516d23)
Start importing Assets/Samples/EasyAR Sense Unity Plugin/4.6.5+3052.b2f1b028/__All Handheld AR__/WorldSensing/SpatialMap_SparseSpatialMap/Scripts/View/Main/MapList/MapDockController.cs using Guid(bbdfd5991023c4440bd84beb8b32e4c8) Importer(2089858483,0ecaa5967403d082aa24f35e1b516d23) [PhysX] Initialized MultithreadedTaskDispatcher with 16 workers.
 -> (artifact id: '52cb7285a7f6145dfab9c93c5c37d689') in 0.010022 seconds
Number of updated asset objects reloaded before import = 0
Number of asset objects unloaded after import = 1
========================================================================
Received Import Request.
  Time since last request: 0.000047 seconds.
  path: Assets/Samples/EasyAR Sense Unity Plugin/4.6.5+3052.b2f1b028/__All Handheld AR__/WorldSensing/SpatialMap_SparseSpatialMap/Textures/MainUI/Background 2@3x.png
  artifactKey: Guid(c4e198920f0cf1640954fa9b6abbc2dc) Importer(2089858483,0ecaa5967403d082aa24f35e1b516d23)
Start importing Assets/Samples/EasyAR Sense Unity Plugin/4.6.5+3052.b2f1b028/__All Handheld AR__/WorldSensing/SpatialMap_SparseSpatialMap/Textures/MainUI/Background 2@3x.png using Guid(c4e198920f0cf1640954fa9b6abbc2dc) Importer(2089858483,0ecaa5967403d082aa24f35e1b516d23) [PhysX] Initialized MultithreadedTaskDispatcher with 16 workers.
 -> (artifact id: '26da19c8b219d7bf7ba0d58d3f8dfa83') in 0.017533 seconds
Number of updated asset objects reloaded before import = 0
Number of asset objects unloaded after import = 3
========================================================================
Received Import Request.
  Time since last request: 0.000029 seconds.
  path: Assets/Samples/EasyAR Sense Unity Plugin/4.6.5+3052.b2f1b028/__All Handheld AR__/WorldSensing/SpatialMap_SparseSpatialMap/Textures/MainUI/AddMap@3x.png
  artifactKey: Guid(3a5090743b8cadf438172542400ac75c) Importer(2089858483,0ecaa5967403d082aa24f35e1b516d23)
Start importing Assets/Samples/EasyAR Sense Unity Plugin/4.6.5+3052.b2f1b028/__All Handheld AR__/WorldSensing/SpatialMap_SparseSpatialMap/Textures/MainUI/AddMap@3x.png using Guid(3a5090743b8cadf438172542400ac75c) Importer(2089858483,0ecaa5967403d082aa24f35e1b516d23) [PhysX] Initialized MultithreadedTaskDispatcher with 16 workers.
 -> (artifact id: '925e61bbd2b9b06a6cf301f48b7a8db2') in 0.037819 seconds
Number of updated asset objects reloaded before import = 0
Number of asset objects unloaded after import = 3
========================================================================
Received Import Request.
  Time since last request: 0.000028 seconds.
  path: Assets/Samples/EasyAR Sense Unity Plugin/4.6.5+3052.b2f1b028/__All Handheld AR__/WorldSensing/SpatialMap_SparseSpatialMap/Textures/MainUI/scrollbar3@3x.png
  artifactKey: Guid(d902d30cad2fba04faa09e71a069617c) Importer(2089858483,0ecaa5967403d082aa24f35e1b516d23)
Start importing Assets/Samples/EasyAR Sense Unity Plugin/4.6.5+3052.b2f1b028/__All Handheld AR__/WorldSensing/SpatialMap_SparseSpatialMap/Textures/MainUI/scrollbar3@3x.png using Guid(d902d30cad2fba04faa09e71a069617c) Importer(2089858483,0ecaa5967403d082aa24f35e1b516d23) [PhysX] Initialized MultithreadedTaskDispatcher with 16 workers.
 -> (artifact id: 'c5fc917dacc3c5909c720e3b4507867e') in 0.019167 seconds
Number of updated asset objects reloaded before import = 0
Number of asset objects unloaded after import = 3
========================================================================
Received Import Request.
  Time since last request: 0.000026 seconds.
  path: Assets/Samples/EasyAR Sense Unity Plugin/4.6.5+3052.b2f1b028/__All Handheld AR__/WorldSensing/SpatialMap_SparseSpatialMap/Scripts/View/Edit/EditViewController.cs
  artifactKey: Guid(c449b4a50eaae9b4184e92ff5c7e01bc) Importer(2089858483,0ecaa5967403d082aa24f35e1b516d23)
Start importing Assets/Samples/EasyAR Sense Unity Plugin/4.6.5+3052.b2f1b028/__All Handheld AR__/WorldSensing/SpatialMap_SparseSpatialMap/Scripts/View/Edit/EditViewController.cs using Guid(c449b4a50eaae9b4184e92ff5c7e01bc) Importer(2089858483,0ecaa5967403d082aa24f35e1b516d23) [PhysX] Initialized MultithreadedTaskDispatcher with 16 workers.
 -> (artifact id: 'c9ac558f67eb252a364d333e5bfbe2a1') in 0.011139 seconds
Number of updated asset objects reloaded before import = 0
Number of asset objects unloaded after import = 1
========================================================================
Received Import Request.
  Time since last request: 0.000028 seconds.
  path: Assets/Samples/EasyAR Sense Unity Plugin/4.6.5+3052.b2f1b028/__All Handheld AR__/WorldSensing/SpatialMap_SparseSpatialMap/Scripts/View/Edit/PropList/Dragger.cs
  artifactKey: Guid(a04a4d6ed72cb3342b032a9f8ac1009a) Importer(2089858483,0ecaa5967403d082aa24f35e1b516d23)
Start importing Assets/Samples/EasyAR Sense Unity Plugin/4.6.5+3052.b2f1b028/__All Handheld AR__/WorldSensing/SpatialMap_SparseSpatialMap/Scripts/View/Edit/PropList/Dragger.cs using Guid(a04a4d6ed72cb3342b032a9f8ac1009a) Importer(2089858483,0ecaa5967403d082aa24f35e1b516d23) [PhysX] Initialized MultithreadedTaskDispatcher with 16 workers.
 -> (artifact id: '4c6e5c83daf8cf6c3373dc8e4e1ce883') in 0.009409 seconds
Number of updated asset objects reloaded before import = 0
Number of asset objects unloaded after import = 1
========================================================================
Received Import Request.
  Time since last request: 0.000029 seconds.
  path: Assets/Samples/EasyAR Sense Unity Plugin/4.6.5+3052.b2f1b028/__All Handheld AR__/WorldSensing/SpatialMap_SparseSpatialMap/Textures/EditUI/TwoMoveRightAndLeft@3x.png
  artifactKey: Guid(0a831fe5487646c42a062ee99cf1e923) Importer(2089858483,0ecaa5967403d082aa24f35e1b516d23)
Start importing Assets/Samples/EasyAR Sense Unity Plugin/4.6.5+3052.b2f1b028/__All Handheld AR__/WorldSensing/SpatialMap_SparseSpatialMap/Textures/EditUI/TwoMoveRightAndLeft@3x.png using Guid(0a831fe5487646c42a062ee99cf1e923) Importer(2089858483,0ecaa5967403d082aa24f35e1b516d23) [PhysX] Initialized MultithreadedTaskDispatcher with 16 workers.
 -> (artifact id: 'd865d92f2d39ed0d3a5a82c033b1f22e') in 0.019689 seconds
Number of updated asset objects reloaded before import = 0
Number of asset objects unloaded after import = 3
========================================================================
Received Import Request.
  Time since last request: 0.000029 seconds.
  path: Assets/Samples/EasyAR Sense Unity Plugin/4.6.5+3052.b2f1b028/__All Handheld AR__/WorldSensing/SpatialMap_SparseSpatialMap/Textures/EditUI/TwoMoveDownAndUp@3x.png
  artifactKey: Guid(a182c517d876f2f4390ad9d4fa95db89) Importer(2089858483,0ecaa5967403d082aa24f35e1b516d23)
Start importing Assets/Samples/EasyAR Sense Unity Plugin/4.6.5+3052.b2f1b028/__All Handheld AR__/WorldSensing/SpatialMap_SparseSpatialMap/Textures/EditUI/TwoMoveDownAndUp@3x.png using Guid(a182c517d876f2f4390ad9d4fa95db89) Importer(2089858483,0ecaa5967403d082aa24f35e1b516d23) [PhysX] Initialized MultithreadedTaskDispatcher with 16 workers.
 -> (artifact id: '1fae620ee7f28b60b3283e5f80861527') in 0.020611 seconds
Number of updated asset objects reloaded before import = 0
Number of asset objects unloaded after import = 3
========================================================================
Received Import Request.
  Time since last request: 0.000027 seconds.
  path: Assets/Samples/EasyAR Sense Unity Plugin/4.6.5+3052.b2f1b028/__All Handheld AR__/WorldSensing/SpatialMap_SparseSpatialMap/Textures/MainUI/back 8_1@3x.png
  artifactKey: Guid(f062d495cc493684db62c7da72a8065e) Importer(2089858483,0ecaa5967403d082aa24f35e1b516d23)
Start importing Assets/Samples/EasyAR Sense Unity Plugin/4.6.5+3052.b2f1b028/__All Handheld AR__/WorldSensing/SpatialMap_SparseSpatialMap/Textures/MainUI/back 8_1@3x.png using Guid(f062d495cc493684db62c7da72a8065e) Importer(2089858483,0ecaa5967403d082aa24f35e1b516d23) [PhysX] Initialized MultithreadedTaskDispatcher with 16 workers.
 -> (artifact id: '804c1c0d1926994b89022b76bcb87c7a') in 0.017957 seconds
Number of updated asset objects reloaded before import = 0
Number of asset objects unloaded after import = 3
========================================================================
Received Import Request.
  Time since last request: 0.000042 seconds.
  path: Assets/Samples/EasyAR Sense Unity Plugin/4.6.5+3052.b2f1b028/__All Handheld AR__/WorldSensing/SpatialMap_SparseSpatialMap/Textures/MainUI/CodeSandbox@3x.png
  artifactKey: Guid(b6a92f946da1eb14890b7be94f66fc6f) Importer(2089858483,0ecaa5967403d082aa24f35e1b516d23)
Start importing Assets/Samples/EasyAR Sense Unity Plugin/4.6.5+3052.b2f1b028/__All Handheld AR__/WorldSensing/SpatialMap_SparseSpatialMap/Textures/MainUI/CodeSandbox@3x.png using Guid(b6a92f946da1eb14890b7be94f66fc6f) Importer(2089858483,0ecaa5967403d082aa24f35e1b516d23) [PhysX] Initialized MultithreadedTaskDispatcher with 16 workers.
 -> (artifact id: '45cb5cdaa2bec515edd883b4c87b6da7') in 0.038440 seconds
Number of updated asset objects reloaded before import = 0
Number of asset objects unloaded after import = 3
========================================================================
Received Import Request.
  Time since last request: 2324.433905 seconds.
  path: Assets
  artifactKey: Guid(00000000000000001000000000000000) Importer(815301076,1909f56bfc062723c751e8b465ee728b)
Start importing Assets using Guid(00000000000000001000000000000000) Importer(815301076,1909f56bfc062723c751e8b465ee728b) [PhysX] Initialized MultithreadedTaskDispatcher with 16 workers.
 -> (artifact id: 'ae5280ad91af67e2a353905758f96678') in 0.000632 seconds
Number of updated asset objects reloaded before import = 0
Number of asset objects unloaded after import = 0
========================================================================
Received Import Request.
  Time since last request: 31.354609 seconds.
  path: Assets/EasyAR密钥.txt
  artifactKey: Guid(f7334177f2625f846b031d96b36db983) Importer(815301076,1909f56bfc062723c751e8b465ee728b)
Start importing Assets/EasyAR密钥.txt using Guid(f7334177f2625f846b031d96b36db983) Importer(815301076,1909f56bfc062723c751e8b465ee728b) [PhysX] Initialized MultithreadedTaskDispatcher with 16 workers.
 -> (artifact id: '745d4ac5b5dafad7f4f8f3421c8c0e22') in 0.013283 seconds
Number of updated asset objects reloaded before import = 0
Number of asset objects unloaded after import = 1
========================================================================
Received Import Request.
  Time since last request: 0.148649 seconds.
  path: Assets/EasyAR密钥.txt
  artifactKey: Guid(f7334177f2625f846b031d96b36db983) Importer(2089858483,0ecaa5967403d082aa24f35e1b516d23)
Start importing Assets/EasyAR密钥.txt using Guid(f7334177f2625f846b031d96b36db983) Importer(2089858483,0ecaa5967403d082aa24f35e1b516d23) [PhysX] Initialized MultithreadedTaskDispatcher with 16 workers.
 -> (artifact id: 'ea459133ad2115c7f282c4c9ae492744') in 0.007515 seconds
Number of updated asset objects reloaded before import = 0
Number of asset objects unloaded after import = 1
